-- phpMyAdmin SQL Dump
-- version 4.4.15
-- http://www.phpmyadmin.net
--
-- Host: localhost
-- Generation Time: Apr 18, 2017 at 02:30 PM
-- Server version: 5.5.31
-- PHP Version: 5.6.29

SET SQL_MODE = "NO_AUTO_VALUE_ON_ZERO";
SET time_zone = "+00:00";


/*!40101 SET @OLD_CHARACTER_SET_CLIENT=@@CHARACTER_SET_CLIENT */;
/*!40101 SET @OLD_CHARACTER_SET_RESULTS=@@CHARACTER_SET_RESULTS */;
/*!40101 SET @OLD_COLLATION_CONNECTION=@@COLLATION_CONNECTION */;
/*!40101 SET NAMES utf8mb4 */;

--
-- Database: `namyuen_hospital`
--

-- --------------------------------------------------------

--
-- Table structure for table `event`
--

CREATE TABLE IF NOT EXISTS `event` (
  `id` int(11) NOT NULL,
  `title` varchar(255) NOT NULL,
  `description` varchar(255) NOT NULL,
  `created_date` date NOT NULL,
  `end` date DEFAULT NULL
) ENGINE=InnoDB AUTO_INCREMENT=10 DEFAULT CHARSET=utf8;

--
-- Dumping data for table `event`
--

INSERT INTO `event` (`id`, `title`, `description`, `created_date`, `end`) VALUES
(2, 'รพ.น้ำยืนร่วมใจรับ Re-Ac', 'สถาบันรับรองคุณภาพสถานพยาบาล (สรพ.)', '2016-10-13', '2016-10-14'),
(5, 'เรียนเชิญ หนุ่มสาว(ส่า)ตึกหน้า ร่วมประชุมวางแผนม่วนซื่นโฮแซว ในวันอังคารที่13ธ.ค.59 ที่ห้องยานะคะ', 'เรียนเชิญ หนุ่มสาว(ส่า)ตึกหน้า ร่วมประชุมวางแผนม่วนซื่นโฮแซว ในวันอังคารที่13ธ.ค.59 ที่ห้องยานะคะ\r\nปล.วันจันทร์นี้พี่น้อย(บุญช่วย)อย่าหลงมาทำงานเด้อคะ หยุดนะคะ', '2016-12-13', '2016-12-13'),
(6, 'ประชุม กกบ.', 'ประชุม กกบ. ', '2017-01-04', '2017-01-04'),
(7, 'ประชุมถ่ายทอดยุทธศาสตร์ ตัวชี้วัด การบริหารจัดการโครงการและการรับนิเทศ', 'ประชุมถ่ายทอดยุทธศาสตร์ ตัวชี้วัด การบริหารจัดการโครงการและการรับนิเทศ ณ ห้องประชุมมรกต โรงพยาบาลน้ำยืน', '2017-01-18', '2017-01-18'),
(8, 'ซ้อมแผนอุบัติภัยหมู่โรงพยาบาลน้ำยืน', 'ซ้อมแผนอุบัติภัยหมู่โรงพยาบาลน้ำยืน ประจำปีงบประมาณ 2560', '2017-03-30', '2017-03-30'),
(9, 'ฝึกอบรมการช่วยชีวิตขั้นพื้นฐาน (CPR)', 'โรงพยาบาลน้ำยืน จัดฝึกอบรมการช่วยชีวิตขั้นพื้นฐาน (CPR)  ณ ห้องประชุมนารายณ์ เวลา 13.00 น. ถึง 16.00 น.', '2017-04-04', '2017-04-05');

-- --------------------------------------------------------

--
-- Table structure for table `freelance`
--

CREATE TABLE IF NOT EXISTS `freelance` (
  `id` int(11) NOT NULL,
  `ref` varchar(50) DEFAULT NULL COMMENT 'หลายเลข referent สำหรับอัพโหลดไฟล์ ajax',
  `title` varchar(255) DEFAULT NULL COMMENT 'ชื่องาน',
  `covenant` varchar(255) DEFAULT NULL COMMENT 'หนังสือสัญญา',
  `docs` varchar(255) DEFAULT NULL,
  `create_date` timestamp NULL DEFAULT CURRENT_TIMESTAMP COMMENT 'สร้างวันที่'
) ENGINE=InnoDB AUTO_INCREMENT=3 DEFAULT CHARSET=utf8;

--
-- Dumping data for table `freelance`
--

INSERT INTO `freelance` (`id`, `ref`, `title`, `covenant`, `docs`, `create_date`) VALUES
(2, '0GVZ6hWwjF9oIukCR1P2Wb', 'แบบฟอร์มแจ้งความจำนง ขอดูหรือขอข้อมูล จากกล้องวงจรปิด โรงพยาบาลน้ำยืน', '{"f88796e4dcfab73777188c2cd54ed740.pdf":"CCTV FORM.pdf"}', 'null', '2017-03-21 03:50:25');

-- --------------------------------------------------------

--
-- Table structure for table `migration`
--

CREATE TABLE IF NOT EXISTS `migration` (
  `version` varchar(180) NOT NULL,
  `apply_time` int(11) DEFAULT NULL
) ENGINE=InnoDB DEFAULT CHARSET=utf8;

--
-- Dumping data for table `migration`
--

INSERT INTO `migration` (`version`, `apply_time`) VALUES
('m000000_000000_base', 1462929725),
('m140209_132017_init', 1462929735),
('m140403_174025_create_account_table', 1462929738),
('m140504_113157_update_tables', 1462929753),
('m140504_130429_create_token_table', 1462929759),
('m140830_171933_fix_ip_field', 1462929763),
('m140830_172703_change_account_table_name', 1462929765),
('m141222_110026_update_ip_field', 1462929769),
('m141222_135246_alter_username_length', 1462929773),
('m150614_103145_update_social_account_table', 1462929781),
('m150623_212711_fix_username_notnull', 1462929784);

-- --------------------------------------------------------

--
-- Table structure for table `news`
--

CREATE TABLE IF NOT EXISTS `news` (
  `id` int(11) NOT NULL COMMENT 'ID ข่าว',
  `cat_id` int(11) DEFAULT NULL COMMENT 'ID หมวดหมู่',
  `title` varchar(255) DEFAULT NULL COMMENT 'หัวข้อข่าว',
  `detail` text COMMENT 'รายละเอียด',
  `post_date` date DEFAULT NULL COMMENT 'วันที่โพสต์',
  `update_date` date DEFAULT NULL COMMENT 'ปรับปรุงเมื่อ',
  `view` int(11) DEFAULT '0' COMMENT 'จำนวนผู้เข้าชม',
  `docs` text COMMENT 'เอกสารประกอบ',
  `ref` varchar(50) DEFAULT NULL COMMENT 'หลายเลข referent'
) ENGINE=InnoDB AUTO_INCREMENT=11 DEFAULT CHARSET=utf8;

--
-- Dumping data for table `news`
--

INSERT INTO `news` (`id`, `cat_id`, `title`, `detail`, `post_date`, `update_date`, `view`, `docs`, `ref`) VALUES
(1, 2, 'รับสมัครสอบคัดเลือกบุคคลเพื่อเป็นลูกจ้างชั่วคราว ตำแหน่งนักวิชาการสาธารณสุข', '<p>ด้วย โรงพยาบาลน้ำยืน&nbsp; มีความประสงค์จะรับสมัครบุคคลเพื่อสอบคัดเลือกเป็นลูกจ้างชั่วคราว ตำแหน่ง นักวิชาการสาธารณสุข&nbsp;จำนวน ๑ อัตรา</p>\r\n', '2017-01-18', '2017-01-18', 352, '{"fd0d571ad992a07a92234ea5b044f515.pdf":"นักวิชาการสาธารณสุข.pdf"}', 'vw9VmhBP2r4W67Xz7N44RQ'),
(2, 2, 'ประกาศรายชื่อผู้มีสิทธิ์เข้ารับการสอบคัดเลือกลูกจ้างชั่วคราว ตำแหน่งนักวิชาการสาธารณสุข', '<p>ประกาศรายชื่อผู้มีสิทธิ์เข้ารับการสอบคัดเลือกลูกจ้างชั่วคราว ตำแหน่งนักวิชาการสาธารณสุข โรงพยาบาลน้ำยืน</p>\r\n', '2017-01-27', '2017-01-27', 216, '{"13a51699d995886d44736234a53a6c6a.pdf":"รายชื่อผู้มีสิทธิสอบ-นว.-สาธารณสุข.pdf"}', 'VU7GL5oiRrJAA3F2Pw_BEk'),
(3, 2, 'รายชื่อผู้ที่ได้รับการคัดเลือกเป็นลูกจ้างชั่วคราวตำแหน่ง นักวิชาการสาธารณสุข', '<p>รายชื่อผู้ที่ได้รับการคัดเลือกเป็นลูกจ้างชั่วคราวตำแหน่ง นักวิชาการสาธารณสุข โรงพยาบาลน้ำยืน</p>\r\n', '2017-01-31', '2017-01-31', 164, '{"524119998e4e437a4156f1bd851a4401.pdf":"ประกาศผลสอบนักวิชาการสาธารณสุข.pdf"}', '3icBylcE_f4CRCMW6ZvKf1'),
(4, 2, 'รับสมัครสอบคัดเลือกบุคคลเพื่อเป็นลูกจ้างชั่วคราว ตำแหน่งนักเทคนิคการแพทย์ จำนวน ๑ อัตรา', '<p>ด้วย โรงพยาบาลน้ำยืน&nbsp; มีความประสงค์จะรับสมัครบุคคลเพื่อสอบคัดเลือกเป็นลูกจ้างชั่วคราว ตำแหน่ง นักเทคนิคการแพทย์ จำนวน ๑ อัตรา</p>\r\n\r\n<p><strong>วัน เวลาและสถานที่รับสมัคร</strong></p>\r\n\r\n<p>ผู้ประสงค์จะสมัครสอบติดต่อขอรับใบสมัครที่ฝ่ายบริหารทั่วไป โรงพยาบาลน้ำยืน ระหว่างวันที่ ๑๔ กุมภาพันธ์ ๒๕๖๐ ถึง ๒๒ กุมภาพันธ์ ๒๕๖๐</p>\r\n', '2017-02-09', '2017-02-09', 347, '{"c3a385d643badcff163b6d82a2e584a6.pdf":"นักเทคนิคการแพทย์.pdf"}', '-CafuiFnWF0atjY1Jorse4'),
(5, 2, 'รับสมัครสอบคัดเลือกบุคคลเพื่อเป็นลูกจ้างชั่วคราว ตำแหน่งพนักงานเปล จำนวน ๒ อัตรา', '<p>ด้วย โรงพยาบาลน้ำยืน&nbsp; มีความประสงค์จะรับสมัครบุคคลเพื่อสอบคัดเลือกเป็นลูกจ้างชั่วคราว ตำแหน่งพนักงานเปล&nbsp;จำนวน ๒ อัตรา</p>\r\n\r\n<p><strong>วัน เวลาและสถานที่รับสมัคร</strong></p>\r\n\r\n<p>ผู้ประสงค์จะสมัครสอบติดต่อขอรับใบสมัครที่ฝ่ายบริหารทั่วไป โรงพยาบาลน้ำยืน ระหว่างวันที่ ๒๐ กุมภาพันธ์ ๒๕๖๐ ถึง ๒๘ กุมภาพันธ์ ๒๕๖๐</p>\r\n', '2017-02-16', '2017-02-16', 163, '{"366d73a0928508b1fc6ccc9c1d0fd466.pdf":"พนักงานเปล.pdf"}', 'OTYrrONE487Cgzj85OrfD_'),
(6, 3, 'ประกาศเผยแพร่แผนปฏิบัติการจัดซื้อจัดจ้าง ประจำปีงบประมาณ พ.ศ.2560 (งบค่าเสื่อม)', '<p>โรงพยาบาลน้ำยืน ประกาศเผยแพร่แผนปฏิบัติการจัดซื้อจัดจ้าง ประจำปีงบประมาณ พ.ศ.2560 (งบค่าเสื่อม)</p>\r\n', '2017-02-21', '2017-02-21', 139, '{"c33838cc673248710f5aea749f639d45.pdf":"แผนบริหารและดำเนินการงบค่าบริการทางการแพทย์ที่เบิกจ่ายในลักษณะงบลงทุน ปีงบประมาณ 2560.pdf"}', '-s_6wMwIEeC9g3UlWNh8vN'),
(7, 2, 'ประกาศรายชื่อผู้มีสิทธิ์เข้ารับการสอบคัดเลือกลูกจ้างชั่วคราว ตำแหน่งนักเทคนิคการแพทย์', '<p>ประกาศรายชื่อผู้มีสิทธิ์เข้ารับการสอบคัดเลือกลูกจ้างชั่วคราว ตำแหน่งนักเทคนิคการแพทย์โรงพยาบาลน้ำยืน</p>\r\n', '2017-02-23', '2017-02-23', 118, '{"42ec570a11fe09eeb6329a310943038c.pdf":"รายชื่อผู้มีสิทธ์สอบตำแหน่งนักเทคนิคการแพทย์.pdf"}', 'k-IKitQWD_OPuxQ57adsvd'),
(8, 2, 'รายชื่อผู้ที่ได้รับการคัดเลือกเป็นลูกจ้างชั่วคราวตำแหน่ง นักเทคนิคการแพทย์ โรงพยาบาลน้ำยืน', '<p>รายชื่อผู้ที่ได้รับการคัดเลือกเป็นลูกจ้างชั่วคราวตำแหน่ง นักเทคนิคการแพทย์ โรงพยาบาลน้ำยืน</p>\r\n', '2017-02-28', '2017-02-28', 72, '{"11d68d9b4b309a0b7a88b9aba4d9ff19.pdf":"ประกาศผลสอบนักเทคนิคการแพทย์.pdf"}', 'dYSlKNEn4fR9jaTjllXWgs'),
(9, 2, 'ประกาศรายชื่อผู้มีสิทธิ์เข้ารับการสอบคัดเลือกลูกจ้างชั่วคราว ตำแหน่งพนักงานเปล โรงพยาบาลน้ำยืน', '<p>ประกาศรายชื่อผู้มีสิทธิ์เข้ารับการสอบคัดเลือกลูกจ้างชั่วคราว ตำแหน่งพนักงานเปล โรงพยาบาลน้ำยืน</p>\r\n', '2017-03-01', '2017-03-01', 77, '{"e4cc213994072c68e27b92fc5f5467e0.pdf":"รายชื่อพนักงานเปล.pdf"}', 'QQJHcBGDTF6k1amMxTIjr7'),
(10, 2, 'รายชื่อผู้ที่ได้รับการคัดเลือกเป็นลูกจ้างชั่วคราวตำแหน่ง พนักงานเปล', '<p>รายชื่อผู้ที่ได้รับการคัดเลือกเป็นลูกจ้างชั่วคราวตำแหน่ง พนักงานเปล โรงพยาบาลน้ำยืน</p>\r\n', '2017-03-07', '2017-03-07', 79, '{"36ec5b983589a5d1daa25d8c159f421e.pdf":"ผลสอบพนักงานเปล.pdf"}', 'E5HWPMoSN-GzkPANAbFzr9');

-- --------------------------------------------------------

--
-- Table structure for table `news_category`
--

CREATE TABLE IF NOT EXISTS `news_category` (
  `id` int(11) NOT NULL COMMENT 'ID หมวดหมู่',
  `name` varchar(255) NOT NULL COMMENT 'หมวดหมู่',
  `create_date` date NOT NULL COMMENT 'วันที่สร้าง'
) ENGINE=InnoDB AUTO_INCREMENT=4 DEFAULT CHARSET=utf8;

--
-- Dumping data for table `news_category`
--

INSERT INTO `news_category` (`id`, `name`, `create_date`) VALUES
(1, 'ข่าวทั่วไป', '2016-05-14'),
(2, 'ข่าวรับสมัครงาน', '2016-05-14'),
(3, 'ข่าวจัดซื้อจัดจ้าง', '2016-09-19');

-- --------------------------------------------------------

--
-- Table structure for table `photo_library`
--

CREATE TABLE IF NOT EXISTS `photo_library` (
  `id` int(11) NOT NULL,
  `ref` varchar(50) DEFAULT NULL COMMENT 'เลข fk กับ upload ใช้กับ upload ajax',
  `event_name` varchar(255) DEFAULT NULL COMMENT 'ชื่องาน',
  `detail` text COMMENT 'รายละเอียด',
  `start_date` date DEFAULT NULL COMMENT 'วันที่เริ่มถ่ายภาพ',
  `location` varchar(255) DEFAULT NULL COMMENT 'สถานที่',
  `province_id` int(11) DEFAULT NULL
) ENGINE=InnoDB AUTO_INCREMENT=16 DEFAULT CHARSET=utf8;

--
-- Dumping data for table `photo_library`
--

INSERT INTO `photo_library` (`id`, `ref`, `event_name`, `detail`, `start_date`, `location`, `province_id`) VALUES
(7, 'XsDapqRncSh9zMDZVQ1G_N', 'ร่วมกิจกรรมวันเด็กแห่งชาติประจำปี 2560 ณ สวนสุขภาพเทศบาลตำบลน้ำยืน', '<p>โรงพยาบาลน้ำยืนได้เข้าร่วมกิจกรรมในวันเด็กแห่งชาติประจำปี 2560 ณ สวนสุขภาพเทศบาลตำบลน้ำยืน</p>\r\n', '2017-01-14', 'สวนสุขภาพเทศบาลตำบลน้ำยืน', 23),
(8, '9zw8TE0_TBOwPbCfVh0v4m', 'หน่วยทันตกรรมพระราชทาน ในพระบาทสมเด็จพระเจ้าอยู่หัว', '<p><span style="color:rgb(54, 54, 54)">หน่วยทันตกรรมพระราชทาน ในพระบาทสมเด็จพระเจ้าอยู่หัว&nbsp;ปฏิบัติงานทันตกรรมเคลื่อนที่ให้บริการแก่ประชาชน สนองพระราชกระแส เฉลิมพระเกียรติและถวายเป็นพระราชกุศลแด่&nbsp;</span>พระบาทสมเด็จพระปรมินทรมหาภูมิพลอดุลยเดช&nbsp;<span style="color:rgb(54, 54, 54)">ณ โรงเรียนน้ำยืน อำเภอน้ำยืน</span></p>\r\n', '2016-11-23', 'โรงเรียนน้ำยืน อำเภอน้ำยืน', 23),
(9, 'UH0sFgXF1balXT6ktUKQ6Q', 'นิเทศงานผสมผสานและคณะผู้นิเทศงานสำนักงานสาธารณสุขจังหวัดอุบลราชธานี', '<p><span style="color:rgb(29, 33, 41)">นิเทศงานผสมผสานและคณะผู้นิเทศงานสำนักงานสาธารณสุขจังหวัดอุบลราชธานี</span></p>\r\n\r\n<p><span style="color:rgb(29, 33, 41)">โดย รองนพ.สาธารณสุข จ.อุบลราชธานี นพ.พิทักษ์พงษ์&nbsp;จันทร์เเดง</span></p>\r\n', '2017-02-01', 'โรงพยาบาลน้ำยืน', 23),
(10, 'eD9jgK0dqNm4HkWu_uq-yB', 'โรงพยาบาลน้ำยืน ออกหน่วยแพทย์ พอ.สว. ที่โรงเรียนบ้านเปือย อำเภอน้ำยืน', '<p>โรงพยาบาลน้ำยืน ออกหน่วยแพทย์อาสาสมเด็จ พระศรีนครินทราบรมราชชนนี (พอ.สว.) ที่โรงเรียนบ้านเปือย อำเภอน้ำยืน</p>\r\n', '2017-02-09', 'โรงเรียนบ้านเปือย', 23),
(11, 'V34z-nqaDO7ehBwGJ3pAJl', 'โรงพยาบาลน้ำยืน ซ้อมแผนอุบัติเหตุฉุกเฉิน ปีงบประมาณ 2559', '<p><span style="background-color:rgb(249, 249, 249)">โรงพยาบาลน้ำยืน ซ้อมแผนอุบัติเหตุฉุกเฉิน ปีงบประมาณ 2559</span></p>\r\n', '2016-01-06', 'รพ.น้ำยืน', 23),
(12, '0V8FZLeITNmSkPhMOSnRTh', 'RE-AC-HA', '<p>โรงพยาบาลน้ำรับใบประกาศรับรองมาตรฐานคุณภาพ HA</p>\r\n', '2017-03-17', 'อิมแพ็ค ฟอรั่ม เมืองทองธานี', 1),
(13, 'UJzFuLmfhPxbPEXH5GJvnl', 'โรงพยาบาลน้ำยืน สุขภาพดีเริ่มต้นที่ ลดหวาน ลดมัน ลดเค็ม', '<p>โรงพยาบาลน้ำยืน สุขภาพดีเริ่มต้นที่ ลดหวาน ลดมัน ลดเค็ม</p>\r\n', '2017-03-27', 'โรงพยาบาลน้ำยืน', 23),
(14, 'IEkPE1A-9ur4B8qp_4f9rl', 'โรงพยาบาลน้ำยืน ซ้อมแผนอุบัติเหตุฉุกเฉิน ปีงบประมาณ 2560', '<p>โรงพยาบาลน้ำยืน ซ้อมแผนอุบัติเหตุฉุกเฉิน ปีงบประมาณ 2560</p>\r\n', '2017-03-30', 'หน้าคลีนิกทันตกรรมน้ำยืน', 23),
(15, 'RNaSi5x_SllhUnPD-Ho_bz', 'ฝึกอบรมการช่วยชีวิตขั้นพื้นฐาน (CPR)', '<p><span style="background-color:rgb(249, 249, 249)">โรงพยาบาลน้ำยืน จัดฝึกอบรมการช่วยชีวิตขั้นพื้นฐาน (CPR) ณ ห้องประชุมนารายณ์</span></p>\r\n', '2017-04-04', 'ห้องประชุมนารายณ์', 23);

-- --------------------------------------------------------

--
-- Table structure for table `posts`
--

CREATE TABLE IF NOT EXISTS `posts` (
  `id` int(11) NOT NULL,
  `title` varchar(150) CHARACTER SET utf8 DEFAULT NULL,
  `text` text CHARACTER SET utf8,
  `text_preview` varchar(255) CHARACTER SET utf8 DEFAULT NULL,
  `img` varchar(255) CHARACTER SET utf8 DEFAULT NULL
) ENGINE=InnoDB AUTO_INCREMENT=2 DEFAULT CHARSET=latin1;

--
-- Dumping data for table `posts`
--

INSERT INTO `posts` (`id`, `title`, `text`, `text_preview`, `img`) VALUES
(1, '4', '4', '4', '4');

-- --------------------------------------------------------

--
-- Table structure for table `profile`
--

CREATE TABLE IF NOT EXISTS `profile` (
  `user_id` int(11) NOT NULL,
  `name` varchar(255) COLLATE utf8_unicode_ci DEFAULT NULL,
  `public_email` varchar(255) COLLATE utf8_unicode_ci DEFAULT NULL,
  `gravatar_email` varchar(255) COLLATE utf8_unicode_ci DEFAULT NULL,
  `gravatar_id` varchar(32) COLLATE utf8_unicode_ci DEFAULT NULL,
  `location` varchar(255) COLLATE utf8_unicode_ci DEFAULT NULL,
  `website` varchar(255) COLLATE utf8_unicode_ci DEFAULT NULL,
  `bio` text COLLATE utf8_unicode_ci
) ENGINE=InnoDB DEFAULT CHARSET=utf8 COLLATE=utf8_unicode_ci;

--
-- Dumping data for table `profile`
--

INSERT INTO `profile` (`user_id`, `name`, `public_email`, `gravatar_email`, `gravatar_id`, `location`, `website`, `bio`) VALUES
(1, 'นาย นรินทร์ จุลทัศน์', 'chulatatnarin@gmail.com', '', 'd41d8cd98f00b204e9800998ecf8427e', 'โรพยาบาลน้ำขุ่น 245 หมู่ 5 ตำบลขี้เหล็ก อำเภอน้ำขุ่น จังหวัดอุบลราชธานี 34260', 'http://numkhunhospital.com/', 'IT');

-- --------------------------------------------------------

--
-- Table structure for table `province`
--

CREATE TABLE IF NOT EXISTS `province` (
  `PROVINCE_ID` int(5) NOT NULL,
  `PROVINCE_CODE` varchar(2) COLLATE utf8_unicode_ci NOT NULL,
  `PROVINCE_NAME` varchar(150) COLLATE utf8_unicode_ci NOT NULL,
  `GEO_ID` int(5) NOT NULL DEFAULT '0'
) ENGINE=MyISAM AUTO_INCREMENT=78 DEFAULT CHARSET=utf8 COLLATE=utf8_unicode_ci;

--
-- Dumping data for table `province`
--

INSERT INTO `province` (`PROVINCE_ID`, `PROVINCE_CODE`, `PROVINCE_NAME`, `GEO_ID`) VALUES
(1, '10', 'กรุงเทพมหานคร   ', 2),
(2, '11', 'สมุทรปราการ   ', 2),
(3, '12', 'นนทบุรี   ', 2),
(4, '13', 'ปทุมธานี   ', 2),
(5, '14', 'พระนครศรีอยุธยา   ', 2),
(6, '15', 'อ่างทอง   ', 2),
(7, '16', 'ลพบุรี   ', 2),
(8, '17', 'สิงห์บุรี   ', 2),
(9, '18', 'ชัยนาท   ', 2),
(10, '19', 'สระบุรี', 2),
(11, '20', 'ชลบุรี   ', 5),
(12, '21', 'ระยอง   ', 5),
(13, '22', 'จันทบุรี   ', 5),
(14, '23', 'ตราด   ', 5),
(15, '24', 'ฉะเชิงเทรา   ', 5),
(16, '25', 'ปราจีนบุรี   ', 5),
(17, '26', 'นครนายก   ', 2),
(18, '27', 'สระแก้ว   ', 5),
(19, '30', 'นครราชสีมา   ', 3),
(20, '31', 'บุรีรัมย์   ', 3),
(21, '32', 'สุรินทร์   ', 3),
(22, '33', 'ศรีสะเกษ   ', 3),
(23, '34', 'อุบลราชธานี   ', 3),
(24, '35', 'ยโสธร   ', 3),
(25, '36', 'ชัยภูมิ   ', 3),
(26, '37', 'อำนาจเจริญ   ', 3),
(27, '39', 'หนองบัวลำภู   ', 3),
(28, '40', 'ขอนแก่น   ', 3),
(29, '41', 'อุดรธานี   ', 3),
(30, '42', 'เลย   ', 3),
(31, '43', 'หนองคาย   ', 3),
(32, '44', 'มหาสารคาม   ', 3),
(33, '45', 'ร้อยเอ็ด   ', 3),
(34, '46', 'กาฬสินธุ์   ', 3),
(35, '47', 'สกลนคร   ', 3),
(36, '48', 'นครพนม   ', 3),
(37, '49', 'มุกดาหาร   ', 3),
(38, '50', 'เชียงใหม่   ', 1),
(39, '51', 'ลำพูน   ', 1),
(40, '52', 'ลำปาง   ', 1),
(41, '53', 'อุตรดิตถ์   ', 1),
(42, '54', 'แพร่   ', 1),
(43, '55', 'น่าน   ', 1),
(44, '56', 'พะเยา   ', 1),
(45, '57', 'เชียงราย   ', 1),
(46, '58', 'แม่ฮ่องสอน   ', 1),
(47, '60', 'นครสวรรค์   ', 2),
(48, '61', 'อุทัยธานี   ', 2),
(49, '62', 'กำแพงเพชร   ', 2),
(50, '63', 'ตาก   ', 4),
(51, '64', 'สุโขทัย   ', 2),
(52, '65', 'พิษณุโลก   ', 2),
(53, '66', 'พิจิตร   ', 2),
(54, '67', 'เพชรบูรณ์   ', 2),
(55, '70', 'ราชบุรี   ', 4),
(56, '71', 'กาญจนบุรี   ', 4),
(57, '72', 'สุพรรณบุรี   ', 2),
(58, '73', 'นครปฐม   ', 2),
(59, '74', 'สมุทรสาคร   ', 2),
(60, '75', 'สมุทรสงคราม   ', 2),
(61, '76', 'เพชรบุรี   ', 4),
(62, '77', 'ประจวบคีรีขันธ์   ', 4),
(63, '80', 'นครศรีธรรมราช   ', 6),
(64, '81', 'กระบี่   ', 6),
(65, '82', 'พังงา   ', 6),
(66, '83', 'ภูเก็ต   ', 6),
(67, '84', 'สุราษฎร์ธานี   ', 6),
(68, '85', 'ระนอง   ', 6),
(69, '86', 'ชุมพร   ', 6),
(70, '90', 'สงขลา   ', 6),
(71, '91', 'สตูล   ', 6),
(72, '92', 'ตรัง   ', 6),
(73, '93', 'พัทลุง   ', 6),
(74, '94', 'ปัตตานี   ', 6),
(75, '95', 'ยะลา   ', 6),
(76, '96', 'นราธิวาส   ', 6),
(77, '97', 'บึงกาฬ', 3);

-- --------------------------------------------------------

--
-- Table structure for table `slick`
--

CREATE TABLE IF NOT EXISTS `slick` (
  `upload_id` int(11) NOT NULL,
  `ref` varchar(50) DEFAULT NULL,
  `file_name` varchar(150) DEFAULT NULL COMMENT 'ชื่อไฟล์',
  `real_filename` varchar(150) DEFAULT NULL COMMENT 'ชื่อไฟล์จริง',
  `create_date` timestamp NULL DEFAULT CURRENT_TIMESTAMP,
  `type` int(11) DEFAULT NULL COMMENT 'ประเภท'
) ENGINE=InnoDB DEFAULT CHARSET=utf8;

-- --------------------------------------------------------

--
-- Table structure for table `social_account`
--

CREATE TABLE IF NOT EXISTS `social_account` (
  `id` int(11) NOT NULL,
  `user_id` int(11) DEFAULT NULL,
  `provider` varchar(255) COLLATE utf8_unicode_ci NOT NULL,
  `client_id` varchar(255) COLLATE utf8_unicode_ci NOT NULL,
  `data` text COLLATE utf8_unicode_ci,
  `code` varchar(32) COLLATE utf8_unicode_ci DEFAULT NULL,
  `created_at` int(11) DEFAULT NULL,
  `email` varchar(255) COLLATE utf8_unicode_ci DEFAULT NULL,
  `username` varchar(255) COLLATE utf8_unicode_ci DEFAULT NULL
) ENGINE=InnoDB DEFAULT CHARSET=utf8 COLLATE=utf8_unicode_ci;

-- --------------------------------------------------------

--
-- Table structure for table `token`
--

CREATE TABLE IF NOT EXISTS `token` (
  `user_id` int(11) NOT NULL,
  `code` varchar(32) COLLATE utf8_unicode_ci NOT NULL,
  `created_at` int(11) NOT NULL,
  `type` smallint(6) NOT NULL
) ENGINE=InnoDB DEFAULT CHARSET=utf8 COLLATE=utf8_unicode_ci;

--
-- Dumping data for table `token`
--

INSERT INTO `token` (`user_id`, `code`, `created_at`, `type`) VALUES
(1, 'CsBYXcACxMcZGqr0mskrs9hdQodUxIee', 1439902841, 0);

-- --------------------------------------------------------

--
-- Table structure for table `uploads`
--

CREATE TABLE IF NOT EXISTS `uploads` (
  `upload_id` int(11) NOT NULL,
  `ref` varchar(50) DEFAULT NULL,
  `file_name` varchar(150) DEFAULT NULL COMMENT 'ชื่อไฟล์',
  `real_filename` varchar(150) DEFAULT NULL COMMENT 'ชื่อไฟล์จริง',
  `create_date` timestamp NULL DEFAULT CURRENT_TIMESTAMP,
  `type` int(11) DEFAULT NULL COMMENT 'ประเภท'
) ENGINE=InnoDB AUTO_INCREMENT=362 DEFAULT CHARSET=utf8;

--
-- Dumping data for table `uploads`
--

INSERT INTO `uploads` (`upload_id`, `ref`, `file_name`, `real_filename`, `create_date`, `type`) VALUES
(46, 'XsDapqRncSh9zMDZVQ1G_N', 'IMG_9204.jpg', '4b1f6d2ce4c92dee5d1a2eb131bb3482.jpg', '2017-01-14 13:28:14', NULL),
(47, 'XsDapqRncSh9zMDZVQ1G_N', 'IMG_9208.jpg', '2206cc057ac626943780c16e4cedf997.jpg', '2017-01-14 13:28:15', NULL),
(48, 'XsDapqRncSh9zMDZVQ1G_N', 'IMG_9209.jpg', 'ab91ce8760702d5148337dd2479e6b87.jpg', '2017-01-14 13:28:21', NULL),
(49, 'XsDapqRncSh9zMDZVQ1G_N', 'IMG_9206.jpg', 'af1712d30ead5f4b1b4c2227abd4d6c3.jpg', '2017-01-14 13:28:23', NULL),
(50, 'XsDapqRncSh9zMDZVQ1G_N', 'IMG_9202.jpg', '3a113a4ff41329074e972cabd9bd4122.jpg', '2017-01-14 13:28:29', NULL),
(51, 'XsDapqRncSh9zMDZVQ1G_N', 'IMG_9207.jpg', '87472bed26d3d6513c2b64682aa670e4.jpg', '2017-01-14 13:28:33', NULL),
(52, 'XsDapqRncSh9zMDZVQ1G_N', 'IMG_9237.jpg', '1dd30842a3fa3fc3f90dc3efba373c17.jpg', '2017-01-14 13:28:43', NULL),
(53, 'XsDapqRncSh9zMDZVQ1G_N', 'IMG_9238.jpg', '8cb15a0d2002fc058af935915c763bd2.jpg', '2017-01-14 13:28:55', NULL),
(54, 'XsDapqRncSh9zMDZVQ1G_N', 'IMG_9241.jpg', '85d2e68557bec5f48a910322834d6491.jpg', '2017-01-14 13:28:59', NULL),
(55, 'XsDapqRncSh9zMDZVQ1G_N', 'IMG_9240.jpg', 'cb19e4fccffe45de80e2c329e126072d.jpg', '2017-01-14 13:29:00', NULL),
(56, 'XsDapqRncSh9zMDZVQ1G_N', 'IMG_9239.jpg', '1b22db5dd087526e5fc23eb2da21e4d7.jpg', '2017-01-14 13:29:10', NULL),
(57, 'XsDapqRncSh9zMDZVQ1G_N', 'IMG_9217.jpg', 'f724dd40b3606085c61d4726a991bafd.jpg', '2017-01-14 13:29:10', NULL),
(58, 'XsDapqRncSh9zMDZVQ1G_N', 'IMG_9243.jpg', 'ab5dcf3ae252d8f142cf1d4a00bd67a7.jpg', '2017-01-14 13:29:29', NULL),
(59, 'XsDapqRncSh9zMDZVQ1G_N', 'IMG_9242.jpg', '3a384eb58cd41e50353ea6d1b5e1cbb5.jpg', '2017-01-14 13:29:33', NULL),
(60, 'XsDapqRncSh9zMDZVQ1G_N', 'IMG_9252.jpg', '3bd0e29f005f9075b4948c2edd98fda8.jpg', '2017-01-14 13:29:34', NULL),
(61, 'XsDapqRncSh9zMDZVQ1G_N', 'IMG_9251.jpg', 'c7dec1e259819764d484abe43c057ac5.jpg', '2017-01-14 13:29:49', NULL),
(62, 'XsDapqRncSh9zMDZVQ1G_N', 'IMG_9258.jpg', 'fc10ea73a97531120673eb0a15f884e3.jpg', '2017-01-14 13:30:02', NULL),
(63, 'XsDapqRncSh9zMDZVQ1G_N', 'IMG_9244.jpg', '671dfa39210e69626a5eda8713e7be05.jpg', '2017-01-14 13:30:03', NULL),
(64, 'XsDapqRncSh9zMDZVQ1G_N', 'IMG_9261.jpg', '209ee04854b39684657bae01a25a67dc.jpg', '2017-01-14 13:30:03', NULL),
(65, 'XsDapqRncSh9zMDZVQ1G_N', 'IMG_9268.jpg', 'a9109a084dcd14759cc562acfdf46f36.jpg', '2017-01-14 13:30:57', NULL),
(66, 'XsDapqRncSh9zMDZVQ1G_N', 'IMG_9245.jpg', '581733a2bc57068fe9f6601de8291550.jpg', '2017-01-14 13:31:04', NULL),
(67, 'XsDapqRncSh9zMDZVQ1G_N', 'IMG_9254.jpg', 'd71b2c43e31cea2034c2081c0b60d716.jpg', '2017-01-14 13:31:05', NULL),
(68, 'XsDapqRncSh9zMDZVQ1G_N', '15995813_1439098336124022_822370727_n.jpg', '7547833546f8e6fd36eeb11e70c0e1c1.jpg', '2017-01-14 13:34:40', NULL),
(69, '9zw8TE0_TBOwPbCfVh0v4m', 'CIMG5822.jpg', '0c5f48de6cfd07cf73cf5c9c252232e7.jpg', '2017-01-17 02:31:15', NULL),
(70, '9zw8TE0_TBOwPbCfVh0v4m', 'CIMG5823.jpg', 'e6d3eae9f86a5eaf76ae7f256f752a7e.jpg', '2017-01-17 02:31:16', NULL),
(71, '9zw8TE0_TBOwPbCfVh0v4m', 'CIMG5825.jpg', '27b6c47dc8f73a16b1e24d9ff1158101.jpg', '2017-01-17 02:31:18', NULL),
(72, '9zw8TE0_TBOwPbCfVh0v4m', 'CIMG5826.jpg', 'a5d1c6abe053b7d87e3a9ce7fd824840.jpg', '2017-01-17 02:31:18', NULL),
(73, '9zw8TE0_TBOwPbCfVh0v4m', 'CIMG5827.jpg', '697cffb96873c9b7e8308ad260bdf02b.jpg', '2017-01-17 02:31:19', NULL),
(74, '9zw8TE0_TBOwPbCfVh0v4m', 'CIMG5828.jpg', 'b584adfc54b72349e55c95b1b658c154.jpg', '2017-01-17 02:31:20', NULL),
(75, '9zw8TE0_TBOwPbCfVh0v4m', 'CIMG5829.jpg', 'd05e45fd244424b21bee342270a1469b.jpg', '2017-01-17 02:31:21', NULL),
(76, '9zw8TE0_TBOwPbCfVh0v4m', 'CIMG5830.jpg', 'fb36d926ffe1c1524ba2018fe8642d1d.jpg', '2017-01-17 02:31:22', NULL),
(77, '9zw8TE0_TBOwPbCfVh0v4m', 'CIMG5831.jpg', '9c340774f2828113cb36316c117c2c75.jpg', '2017-01-17 02:31:23', NULL),
(78, '9zw8TE0_TBOwPbCfVh0v4m', 'CIMG5832.jpg', 'e988bbc9a4f005c5e9d61fcc9a358306.jpg', '2017-01-17 02:31:24', NULL),
(79, '9zw8TE0_TBOwPbCfVh0v4m', 'CIMG5833.jpg', '7ee25dbbc1c4e3b493de44fda718126f.jpg', '2017-01-17 02:31:25', NULL),
(80, '9zw8TE0_TBOwPbCfVh0v4m', 'CIMG5836.jpg', '3babeb5290e4ce93a1378905cab094d8.jpg', '2017-01-17 02:31:25', NULL),
(81, '9zw8TE0_TBOwPbCfVh0v4m', 'CIMG5837.jpg', 'b4c128fdc8d74fd0e6d313ff6aa77336.jpg', '2017-01-17 02:31:26', NULL),
(82, '9zw8TE0_TBOwPbCfVh0v4m', 'CIMG5838.jpg', 'f176d1c0c919c871edca5e938ec4ff31.jpg', '2017-01-17 02:31:27', NULL),
(83, '9zw8TE0_TBOwPbCfVh0v4m', 'CIMG5840.jpg', '23022b055871711803b6402a357f01a8.jpg', '2017-01-17 02:31:27', NULL),
(84, '9zw8TE0_TBOwPbCfVh0v4m', 'CIMG5841.jpg', 'aa98e20178619a4399fe8ef4689c3b5c.jpg', '2017-01-17 02:31:28', NULL),
(85, '9zw8TE0_TBOwPbCfVh0v4m', 'CIMG5842.jpg', '939c7f258db0703f0e4059c71234af1d.jpg', '2017-01-17 02:31:29', NULL),
(86, '9zw8TE0_TBOwPbCfVh0v4m', 'CIMG5843.jpg', '41b96359c3d0f1be16d1c5ed70049866.jpg', '2017-01-17 02:31:30', NULL),
(87, '9zw8TE0_TBOwPbCfVh0v4m', 'CIMG5714.jpg', '2e66182e13e42803388212654609ed0d.jpg', '2017-01-17 02:52:22', NULL),
(88, '9zw8TE0_TBOwPbCfVh0v4m', 'CIMG5715.jpg', 'a87b643589c54b2293587eaeab22abf3.jpg', '2017-01-17 02:52:23', NULL),
(89, '9zw8TE0_TBOwPbCfVh0v4m', 'CIMG5717.jpg', '4406097235ab64c606d7db164442d5fc.jpg', '2017-01-17 02:52:24', NULL),
(90, '9zw8TE0_TBOwPbCfVh0v4m', 'CIMG5718.jpg', '0c102d616260a53b12c1200b482b7fa8.jpg', '2017-01-17 02:52:24', NULL),
(91, '9zw8TE0_TBOwPbCfVh0v4m', 'CIMG5719.jpg', 'b4420cd8a6d5e7e7f1332581083d0bb4.jpg', '2017-01-17 02:52:25', NULL),
(92, '9zw8TE0_TBOwPbCfVh0v4m', 'CIMG5722.jpg', 'c7fe57530304c2c5f9fdf5a51d5ee709.jpg', '2017-01-17 02:52:26', NULL),
(93, '9zw8TE0_TBOwPbCfVh0v4m', 'CIMG5724.jpg', '925567f1ac8a41bc151624ed4ac86230.jpg', '2017-01-17 02:52:27', NULL),
(94, '9zw8TE0_TBOwPbCfVh0v4m', 'CIMG5726.jpg', 'af6ca80ef4056ae8706da393f06809d2.jpg', '2017-01-17 02:52:27', NULL),
(95, '9zw8TE0_TBOwPbCfVh0v4m', 'CIMG5727.jpg', '4a510c0646b7f7d853aed787a872336b.jpg', '2017-01-17 02:52:28', NULL),
(96, '9zw8TE0_TBOwPbCfVh0v4m', 'CIMG5729.jpg', '10a780e14143943ff0217cc1d8314798.jpg', '2017-01-17 02:52:29', NULL),
(97, '9zw8TE0_TBOwPbCfVh0v4m', 'CIMG5730.jpg', 'dcf5e49dccde11f6e1c9b3e2605ccff9.jpg', '2017-01-17 02:56:57', NULL),
(98, '9zw8TE0_TBOwPbCfVh0v4m', 'CIMG5731.jpg', '174a25ff201745e4b7981bcaea73929d.jpg', '2017-01-17 02:56:58', NULL),
(99, '9zw8TE0_TBOwPbCfVh0v4m', 'CIMG5732.jpg', '4798775cc81efef733ed15b418220bb3.jpg', '2017-01-17 02:56:59', NULL),
(100, '9zw8TE0_TBOwPbCfVh0v4m', 'CIMG5733.jpg', '8639798c4f360ad3bcb16a0e2dc17258.jpg', '2017-01-17 02:56:59', NULL),
(101, '9zw8TE0_TBOwPbCfVh0v4m', 'CIMG5734.jpg', '51ebd73f6f671a202cdc4fa7ea29e453.jpg', '2017-01-17 02:57:00', NULL),
(102, '9zw8TE0_TBOwPbCfVh0v4m', 'CIMG5735.jpg', 'c5c0f71db26b8e907d9e988e3028d433.jpg', '2017-01-17 02:57:01', NULL),
(103, '9zw8TE0_TBOwPbCfVh0v4m', 'CIMG5736.jpg', 'd54a24cd9d43c898d185d64ec92ed836.jpg', '2017-01-17 02:57:02', NULL),
(104, '9zw8TE0_TBOwPbCfVh0v4m', 'CIMG5737.jpg', '54d6f9095d0a830c5cc113d1134bc1f2.jpg', '2017-01-17 02:57:02', NULL),
(105, '9zw8TE0_TBOwPbCfVh0v4m', 'CIMG5739.jpg', '146edd8ffa7dd0d53b5da52ecc8d08ce.jpg', '2017-01-17 02:57:03', NULL),
(106, '9zw8TE0_TBOwPbCfVh0v4m', 'CIMG5740.jpg', '4b9de8fba938ae793016d6f47811f9d9.jpg', '2017-01-17 02:57:04', NULL),
(107, '9zw8TE0_TBOwPbCfVh0v4m', 'CIMG5742.jpg', '78dadbedae5e6db31402abe11ba822ad.jpg', '2017-01-17 02:57:04', NULL),
(108, '9zw8TE0_TBOwPbCfVh0v4m', 'CIMG5745.jpg', 'b42db1dab1cb8f13570f6699eb9dcbd2.jpg', '2017-01-17 02:57:05', NULL),
(109, '9zw8TE0_TBOwPbCfVh0v4m', 'CIMG5746.jpg', '5e37cfc6afc427ac6e075e49a01bbc17.jpg', '2017-01-17 02:57:06', NULL),
(110, '9zw8TE0_TBOwPbCfVh0v4m', 'CIMG5747.jpg', '3711fe586198a85c1656aae2f4b34e22.jpg', '2017-01-17 02:57:07', NULL),
(111, '9zw8TE0_TBOwPbCfVh0v4m', 'CIMG5748.jpg', '33e933a74973e225e30ea20fa87117e8.jpg', '2017-01-17 02:57:07', NULL),
(112, '9zw8TE0_TBOwPbCfVh0v4m', 'CIMG5749.jpg', 'b11d5325ebbaa603d66113d990ee1b83.jpg', '2017-01-17 02:57:08', NULL),
(113, '9zw8TE0_TBOwPbCfVh0v4m', 'CIMG5751.jpg', '563ca69ff619be480d876e2ef32af192.jpg', '2017-01-17 02:57:09', NULL),
(114, '9zw8TE0_TBOwPbCfVh0v4m', 'CIMG5754.jpg', 'e8910fe68b421ea782786c9301cc5ef1.jpg', '2017-01-17 03:00:21', NULL),
(115, '9zw8TE0_TBOwPbCfVh0v4m', 'CIMG5757.jpg', 'ca80479d6ba3d7328afd71e4e431c97b.jpg', '2017-01-17 03:00:21', NULL),
(116, '9zw8TE0_TBOwPbCfVh0v4m', 'CIMG5760.jpg', 'a70b0d2e44a86579ea9066a6b092f81c.jpg', '2017-01-17 03:00:22', NULL),
(117, '9zw8TE0_TBOwPbCfVh0v4m', 'CIMG5764.jpg', 'c9c4064c0a7f642d898fa9d4539ea545.jpg', '2017-01-17 03:00:23', NULL),
(118, '9zw8TE0_TBOwPbCfVh0v4m', 'CIMG5766.jpg', 'f647f007246904c494a00c7e2843fdce.jpg', '2017-01-17 03:00:24', NULL),
(119, '9zw8TE0_TBOwPbCfVh0v4m', 'CIMG5768.jpg', 'c0fb50da2d7917a5b5356559203060b4.jpg', '2017-01-17 03:00:24', NULL),
(120, '9zw8TE0_TBOwPbCfVh0v4m', 'CIMG5771.jpg', '8090e1fd6070481210e9c59b8473729c.jpg', '2017-01-17 03:00:25', NULL),
(121, '9zw8TE0_TBOwPbCfVh0v4m', 'CIMG5772.jpg', '8222055e5ca3c416dc5434e55b1aad7a.jpg', '2017-01-17 03:00:26', NULL),
(122, '9zw8TE0_TBOwPbCfVh0v4m', 'CIMG5773.jpg', '55613942f067376bf42a80f0f164b52a.jpg', '2017-01-17 03:00:27', NULL),
(123, '9zw8TE0_TBOwPbCfVh0v4m', 'CIMG5775.jpg', '57c7db49be3784df821209d37720d04a.jpg', '2017-01-17 03:00:27', NULL),
(124, '9zw8TE0_TBOwPbCfVh0v4m', 'CIMG5776.jpg', '4cdd082c7732bf38acf5b5f2188ad03a.jpg', '2017-01-17 03:00:28', NULL),
(125, '9zw8TE0_TBOwPbCfVh0v4m', 'CIMG5778.jpg', '10e820c901617207bcc44314aa5d77d0.jpg', '2017-01-17 03:00:29', NULL),
(126, '9zw8TE0_TBOwPbCfVh0v4m', 'CIMG5780.jpg', 'c7c778896fea49f22e8a5f0510c0f271.jpg', '2017-01-17 03:00:29', NULL),
(127, '9zw8TE0_TBOwPbCfVh0v4m', 'CIMG5781.jpg', 'add8796a9bb5b5736343e88d14ee2b5f.jpg', '2017-01-17 03:00:30', NULL),
(128, '9zw8TE0_TBOwPbCfVh0v4m', 'CIMG5782.jpg', '1e93518b6b2fb64384ae02ecf5bd690d.jpg', '2017-01-17 03:00:31', NULL),
(129, '9zw8TE0_TBOwPbCfVh0v4m', 'CIMG5783.jpg', 'bfe265bbe85ee812eb24be7500f82109.jpg', '2017-01-17 03:00:32', NULL),
(130, '9zw8TE0_TBOwPbCfVh0v4m', 'CIMG5784.jpg', 'eda48d9f26de1eb8cf9d980c04637311.jpg', '2017-01-17 03:00:32', NULL),
(131, '9zw8TE0_TBOwPbCfVh0v4m', 'CIMG5785.jpg', 'b80e739a13786775b7d2a0f027b2a338.jpg', '2017-01-17 03:00:33', NULL),
(132, '9zw8TE0_TBOwPbCfVh0v4m', 'CIMG5787.jpg', '3a64b7fbf2e619ec3821bf224e52331a.jpg', '2017-01-17 03:08:30', NULL),
(133, '9zw8TE0_TBOwPbCfVh0v4m', 'CIMG5790.jpg', '6b1a946d40464cea87f144fd3962ab1a.jpg', '2017-01-17 03:08:31', NULL),
(134, '9zw8TE0_TBOwPbCfVh0v4m', 'CIMG5792.jpg', '03f5493e57b7e943abe8d806273b75d7.jpg', '2017-01-17 03:08:32', NULL),
(135, '9zw8TE0_TBOwPbCfVh0v4m', 'CIMG5794.jpg', '357c19d54bf4932f9296ff0e830d6293.jpg', '2017-01-17 03:08:32', NULL),
(136, '9zw8TE0_TBOwPbCfVh0v4m', 'CIMG5795.jpg', 'd22cf6e737a00b2de515a923cfface4a.jpg', '2017-01-17 03:08:33', NULL),
(137, '9zw8TE0_TBOwPbCfVh0v4m', 'CIMG5796.jpg', 'e3cb825b5dc35c4999770c84451ace75.jpg', '2017-01-17 03:08:34', NULL),
(138, '9zw8TE0_TBOwPbCfVh0v4m', 'CIMG5797.jpg', 'cd11d3d0354a01412e83844ecdf437a7.jpg', '2017-01-17 03:08:35', NULL),
(140, '9zw8TE0_TBOwPbCfVh0v4m', 'CIMG5799.jpg', 'c434cc9f40224c2f029a80132da478c1.jpg', '2017-01-17 03:08:36', NULL),
(141, '9zw8TE0_TBOwPbCfVh0v4m', 'CIMG5800.jpg', 'ee70a7fc67214141c0bb80d75ab40ed8.jpg', '2017-01-17 03:08:37', NULL),
(142, '9zw8TE0_TBOwPbCfVh0v4m', 'CIMG5801.jpg', 'ec396acfb1222125c7e7a13a809a8965.jpg', '2017-01-17 03:08:37', NULL),
(143, '9zw8TE0_TBOwPbCfVh0v4m', 'CIMG5803.jpg', 'c99f93b795cfd8469f1269ea1697b68e.jpg', '2017-01-17 03:08:38', NULL),
(144, '9zw8TE0_TBOwPbCfVh0v4m', 'CIMG5804.jpg', '3664b721b229134693e8a3d7841c8bf2.jpg', '2017-01-17 03:08:39', NULL),
(145, '9zw8TE0_TBOwPbCfVh0v4m', 'CIMG5805.jpg', '128f13738b556d5a4e9625c58b53ff35.jpg', '2017-01-17 03:08:40', NULL),
(146, '9zw8TE0_TBOwPbCfVh0v4m', 'CIMG5806.jpg', 'ff44639acd00ce22ccea2ffec47e0869.jpg', '2017-01-17 03:08:40', NULL),
(147, '9zw8TE0_TBOwPbCfVh0v4m', 'CIMG5807.jpg', 'd7273e8ed8d1e495dd517870fcdc67ba.jpg', '2017-01-17 03:08:41', NULL),
(148, '9zw8TE0_TBOwPbCfVh0v4m', 'CIMG5808.jpg', 'bd5e32eb830511fd28b51cc5bd800930.jpg', '2017-01-17 03:08:42', NULL),
(149, '9zw8TE0_TBOwPbCfVh0v4m', 'CIMG5809.jpg', '1506c7809a6105d4a6b13a58bcb2f381.jpg', '2017-01-17 03:08:43', NULL),
(150, 'UH0sFgXF1balXT6ktUKQ6Q', 'IMG_9345.jpg', '884521eb1b57b8281e39329bf2bf7553.jpg', '2017-02-06 02:08:58', NULL),
(151, 'UH0sFgXF1balXT6ktUKQ6Q', 'IMG_9356.jpg', '26ca80d4e2dd4b23af19a674ae34a605.jpg', '2017-02-06 02:08:58', NULL),
(152, 'UH0sFgXF1balXT6ktUKQ6Q', 'IMG_9370.jpg', 'a07d81d5eed4eb570dbb507e57cf7f0a.jpg', '2017-02-06 02:08:58', NULL),
(153, 'UH0sFgXF1balXT6ktUKQ6Q', 'IMG_9337.jpg', '51f07717a54a321f1c4ffaea60bcb37f.jpg', '2017-02-06 02:08:58', NULL),
(154, 'UH0sFgXF1balXT6ktUKQ6Q', 'IMG_9372.jpg', '7d5cd83c357986d53ab657b97361160d.jpg', '2017-02-06 02:09:01', NULL),
(155, 'UH0sFgXF1balXT6ktUKQ6Q', 'IMG_9360.jpg', 'a2573bbc336a32e93ab5f5889b59c882.jpg', '2017-02-06 02:09:03', NULL),
(156, 'UH0sFgXF1balXT6ktUKQ6Q', 'IMG_9390.jpg', '841627bc704e8966cbc19806c135300b.jpg', '2017-02-06 02:09:03', NULL),
(157, 'UH0sFgXF1balXT6ktUKQ6Q', 'IMG_9391.jpg', 'e06833d8a2517f1d911ab291345e219b.jpg', '2017-02-06 02:09:04', NULL),
(158, 'UH0sFgXF1balXT6ktUKQ6Q', 'IMG_9396.jpg', 'b7e630b0c18579a32b4f37f5559a2e5b.jpg', '2017-02-06 02:09:04', NULL),
(159, 'UH0sFgXF1balXT6ktUKQ6Q', 'IMG_9397.jpg', '1aa48d43f670c90df3d5815fa83d24aa.jpg', '2017-02-06 02:09:07', NULL),
(160, 'UH0sFgXF1balXT6ktUKQ6Q', 'IMG_9413.jpg', 'fd9fe17b3a27c028de3f81b885b98833.jpg', '2017-02-06 02:09:08', NULL),
(161, 'UH0sFgXF1balXT6ktUKQ6Q', 'IMG_9402.jpg', '3e2b5ebcf2ef5e49d92162e7b21fd9c9.jpg', '2017-02-06 02:09:09', NULL),
(162, 'UH0sFgXF1balXT6ktUKQ6Q', 'IMG_9380.jpg', '89ef1f70ecc7f28df32fe8748a5fe8af.jpg', '2017-02-06 02:09:09', NULL),
(163, 'UH0sFgXF1balXT6ktUKQ6Q', 'IMG_9428.jpg', 'c15902b69b0f4c2c71423058d69b4ad5.jpg', '2017-02-06 02:09:09', NULL),
(164, 'UH0sFgXF1balXT6ktUKQ6Q', 'IMG_9425.jpg', 'f98a283e372df08bf64704b8acbba347.jpg', '2017-02-06 02:09:10', NULL),
(165, 'UH0sFgXF1balXT6ktUKQ6Q', 'IMG_9473.jpg', '46038b39bdbea8ac5cfdde4cdfdcd334.jpg', '2017-02-06 02:09:10', NULL),
(166, 'UH0sFgXF1balXT6ktUKQ6Q', 'IMG_9482.jpg', 'b69060de059c2d7869a5d12f9c0bd845.jpg', '2017-02-06 02:09:11', NULL),
(167, 'eD9jgK0dqNm4HkWu_uq-yB', '102459.jpg', 'd2bf0973f1a39bbb9e7222f67f85c196.jpg', '2017-02-10 11:22:53', NULL),
(168, 'eD9jgK0dqNm4HkWu_uq-yB', '11364.jpg', 'c20aaa248e46e1141c2282a185bc3b15.jpg', '2017-02-10 11:25:00', NULL),
(169, 'eD9jgK0dqNm4HkWu_uq-yB', '11376.jpg', 'de8185d47ea2065766d525283206ee4d.jpg', '2017-02-10 11:25:00', NULL),
(170, 'eD9jgK0dqNm4HkWu_uq-yB', '11377.jpg', 'd7e11d8820bdedf4285a488aa2af95a3.jpg', '2017-02-10 11:25:00', NULL),
(171, 'eD9jgK0dqNm4HkWu_uq-yB', '11378.jpg', '60d5bfec4ff63672cb0507b0683ffbfe.jpg', '2017-02-10 11:25:01', NULL),
(172, 'eD9jgK0dqNm4HkWu_uq-yB', '11379.jpg', '702e5906f01b645e06d8d359c022cec6.jpg', '2017-02-10 11:25:01', NULL),
(173, 'eD9jgK0dqNm4HkWu_uq-yB', '11380.jpg', 'cd9c9f418a68a06d8c640ae8da503f53.jpg', '2017-02-10 11:25:01', NULL),
(174, 'eD9jgK0dqNm4HkWu_uq-yB', '11381.jpg', '53c4a97df8c3852c8125c7b35b7d7b29.jpg', '2017-02-10 11:25:02', NULL),
(175, 'eD9jgK0dqNm4HkWu_uq-yB', '11382.jpg', '4a2b24cbded578fed8d1b04c5c5bc2b1.jpg', '2017-02-10 11:25:02', NULL),
(176, 'eD9jgK0dqNm4HkWu_uq-yB', '11383.jpg', '81e7b236909ce7557c5b1c4313722d34.jpg', '2017-02-10 11:25:02', NULL),
(177, 'eD9jgK0dqNm4HkWu_uq-yB', '11384.jpg', 'a04bab7ce53b9656288a5d6dab26dc56.jpg', '2017-02-10 11:25:02', NULL),
(178, 'eD9jgK0dqNm4HkWu_uq-yB', '11385.jpg', '6ed48fd54170ee0aa420754de5516eee.jpg', '2017-02-10 11:25:03', NULL),
(179, 'eD9jgK0dqNm4HkWu_uq-yB', '11386.jpg', '0a537a4d27a5816757cd8cd994e4d90d.jpg', '2017-02-10 11:25:03', NULL),
(180, 'eD9jgK0dqNm4HkWu_uq-yB', '11387.jpg', '36900aada7347e88f164f8a4ed80cb72.jpg', '2017-02-10 11:25:03', NULL),
(181, 'eD9jgK0dqNm4HkWu_uq-yB', '11388.jpg', '33f482b2eae44b00a38ba63065f9ff99.jpg', '2017-02-10 11:25:04', NULL),
(182, 'eD9jgK0dqNm4HkWu_uq-yB', '11389.jpg', 'baaa671f81c667cb113183399e6a0b0a.jpg', '2017-02-10 11:25:04', NULL),
(183, 'eD9jgK0dqNm4HkWu_uq-yB', '11390.jpg', '4190ac18840c39132e78bca3da677153.jpg', '2017-02-10 11:25:04', NULL),
(184, 'eD9jgK0dqNm4HkWu_uq-yB', '11391.jpg', 'ffc3bd0329eef15d7dd5c5a73a1536b2.jpg', '2017-02-10 11:25:10', NULL),
(185, 'eD9jgK0dqNm4HkWu_uq-yB', '11392.jpg', '9c88fae29246bd326b70a16b5c80218c.jpg', '2017-02-10 11:25:11', NULL),
(186, 'eD9jgK0dqNm4HkWu_uq-yB', '11393.jpg', '8dfcf73cdfcb125fcb0024578dbfb666.jpg', '2017-02-10 11:25:11', NULL),
(187, 'eD9jgK0dqNm4HkWu_uq-yB', '11394.jpg', 'f60fb80dd447f73a5a614e067fc94bc4.jpg', '2017-02-10 11:25:12', NULL),
(188, 'V34z-nqaDO7ehBwGJ3pAJl', '5c0eb1d99772dbae3d8ccb9f3682e6ad.jpg', '3dc27f783b3c753c008ac3eae130b2db.jpg', '2017-02-17 15:51:05', NULL),
(189, 'V34z-nqaDO7ehBwGJ3pAJl', '5e98590abeccdaf5ca61c3786dd37434.jpg', 'd6ed62237cedf6e19757bc41fc2c8af0.jpg', '2017-02-17 15:51:06', NULL),
(190, 'V34z-nqaDO7ehBwGJ3pAJl', '7a09dba83a21387766ceb05e59ee2dd4.jpg', '9b79ebb740a725cfb7d86d613cbcf712.jpg', '2017-02-17 15:51:16', NULL),
(191, 'V34z-nqaDO7ehBwGJ3pAJl', '7ff5d2f8d4a1ee896f4e97ef5b87817c.jpg', '23838ce1ad2184beb743b881e6f368c5.jpg', '2017-02-17 15:51:16', NULL),
(192, 'V34z-nqaDO7ehBwGJ3pAJl', '36d2b68bd308f975014f0ea618f5f494.jpg', '496d113b7e396e32560b72a86d213fd5.jpg', '2017-02-17 15:51:16', NULL),
(193, 'V34z-nqaDO7ehBwGJ3pAJl', '212e4e058137f02096abfc668fa8e6dd.jpg', '57a2e8dd591d2b7332598321cd3aa067.jpg', '2017-02-17 15:51:17', NULL),
(194, 'V34z-nqaDO7ehBwGJ3pAJl', '447da65c3cfd75b7b4b7ad89b79e44a5.jpg', '10ad45cda1c02730b1176f62dd93047c.jpg', '2017-02-17 15:51:17', NULL),
(195, 'V34z-nqaDO7ehBwGJ3pAJl', '769158d7b7b5d0b4557c3590c0a5e286.jpg', '469113ca1ab903b726e963231af77203.jpg', '2017-02-17 15:51:17', NULL),
(196, 'V34z-nqaDO7ehBwGJ3pAJl', '75567072dcf8bb88bcd4fddda6ff5578.jpg', '55b00ca0e7f62e6adfb5508356e22a3a.jpg', '2017-02-17 15:51:17', NULL),
(197, 'V34z-nqaDO7ehBwGJ3pAJl', 'a5281815bebefe60d9cb035b80339d0e.jpg', '6453cade945e9a07c3b9a89a341b7f5f.jpg', '2017-02-17 15:51:18', NULL),
(198, 'V34z-nqaDO7ehBwGJ3pAJl', 'ce06467be6b83aede980486f76717bc6.jpg', '2d88633da4bee35b64eebf57cfe3dafa.jpg', '2017-02-17 15:51:18', NULL),
(199, 'V34z-nqaDO7ehBwGJ3pAJl', 'd35e8c1b981cfab0b957358e2ff0dd8c.jpg', '31da6bfd28e1bf9d3b0d0fb38baef7cb.jpg', '2017-02-17 15:51:18', NULL),
(200, 'V34z-nqaDO7ehBwGJ3pAJl', 'd570b90e2d64d9eb8afef10ca0e836f1.jpg', 'de5214ed0ac617065e46a658c9410cb0.jpg', '2017-02-17 15:51:18', NULL),
(201, '0V8FZLeITNmSkPhMOSnRTh', 'DSCN0607.jpg', '5e2b77fd06797330f03847c7b1bb87c7.jpg', '2017-03-21 02:35:13', NULL),
(202, '0V8FZLeITNmSkPhMOSnRTh', 'DSCN0610.jpg', '9402dd19b713e2b4c82d8becf48c4e0c.jpg', '2017-03-21 02:35:14', NULL),
(203, '0V8FZLeITNmSkPhMOSnRTh', 'DSCN0611.jpg', '02871eeec56546f0c33f207c42231339.jpg', '2017-03-21 02:35:14', NULL),
(204, '0V8FZLeITNmSkPhMOSnRTh', 'DSCN0617.jpg', '2d75906cc5468b796e73b368d0ea534d.jpg', '2017-03-21 02:35:15', NULL),
(205, '0V8FZLeITNmSkPhMOSnRTh', 'DSCN0615.jpg', '5c2ba333b92333d5a3866affba5fd521.jpg', '2017-03-21 02:35:16', NULL),
(206, '0V8FZLeITNmSkPhMOSnRTh', 'DSCN0576.jpg', '21b61675d063a60a21d9334f6603cac3.jpg', '2017-03-21 02:35:17', NULL),
(207, '0V8FZLeITNmSkPhMOSnRTh', 'DSCN0618.jpg', 'e7e1d68fb60601798ccaebca638cd7b9.jpg', '2017-03-21 02:35:18', NULL),
(208, '0V8FZLeITNmSkPhMOSnRTh', 'DSCN0635.jpg', '5f820d44a4b2eca1e44e38487e124338.jpg', '2017-03-21 02:35:18', NULL),
(209, '0V8FZLeITNmSkPhMOSnRTh', 'DSCN0630.jpg', '547f7929e74a698c45e36e5a1a6556bb.jpg', '2017-03-21 02:35:18', NULL),
(210, '0V8FZLeITNmSkPhMOSnRTh', 'DSCN0625.jpg', 'b8e1f480710d6b66ba85830d0a99ac4d.jpg', '2017-03-21 02:35:18', NULL),
(211, '0V8FZLeITNmSkPhMOSnRTh', 'DSCN0636.jpg', 'cb6939a46d92f30c7df8e47e786ba5a3.jpg', '2017-03-21 02:35:18', NULL),
(212, '0V8FZLeITNmSkPhMOSnRTh', 'DSCN0660.jpg', '7193bd454a952891d4dfa0ea1ee995a2.jpg', '2017-03-21 02:35:20', NULL),
(213, '0V8FZLeITNmSkPhMOSnRTh', 'DSCN0676.jpg', 'a689b2d94a59124d57a160def75703e3.jpg', '2017-03-21 02:35:21', NULL),
(214, '0V8FZLeITNmSkPhMOSnRTh', 'DSCN0668.jpg', 'd16684b8934d3d10a151e5c66a2f57d4.jpg', '2017-03-21 02:35:21', NULL),
(215, '0V8FZLeITNmSkPhMOSnRTh', 'DSCN0670.jpg', '09a13920e95f699740fe5e938b27499d.jpg', '2017-03-21 02:35:21', NULL),
(216, '0V8FZLeITNmSkPhMOSnRTh', 'DSCN0681.jpg', '0aa378bffd8f8b71a287258353f92400.jpg', '2017-03-21 02:35:23', NULL),
(217, '0V8FZLeITNmSkPhMOSnRTh', 'DSCN0680.jpg', 'fd93290bc2c1da876f30f73fa423f966.jpg', '2017-03-21 02:35:23', NULL),
(218, '0V8FZLeITNmSkPhMOSnRTh', 'DSCN0684.jpg', '29623f2ddd9357cd02294e821588ed09.jpg', '2017-03-21 02:35:24', NULL),
(219, '0V8FZLeITNmSkPhMOSnRTh', 'DSCN0674.jpg', '732914e58e66c5bc58d5291e4a7186f4.jpg', '2017-03-21 02:35:24', NULL),
(220, '0V8FZLeITNmSkPhMOSnRTh', 'DSCN0685.jpg', '43ec7023befc9d4953fdcadfa03dd8d2.jpg', '2017-03-21 02:35:25', NULL),
(221, '0V8FZLeITNmSkPhMOSnRTh', 'DSCN0683.jpg', '47c76446eff6bf24b31577402163c63f.jpg', '2017-03-21 02:35:25', NULL),
(222, '0V8FZLeITNmSkPhMOSnRTh', 'DSCN0688.jpg', '4266bc566d5fb7aac668f7a842eb32ed.jpg', '2017-03-21 02:35:26', NULL),
(223, '0V8FZLeITNmSkPhMOSnRTh', 'DSCN0703.jpg', '8b7dda063b884431ce498114925a0b77.jpg', '2017-03-21 02:35:26', NULL),
(224, '0V8FZLeITNmSkPhMOSnRTh', 'DSCN0706.jpg', '36ead9143ee2e8d80204e207c067cbd6.jpg', '2017-03-21 02:35:27', NULL),
(225, '0V8FZLeITNmSkPhMOSnRTh', 'DSCN0699.jpg', '0f021983978e431d85878cf4409206d6.jpg', '2017-03-21 02:35:27', NULL),
(226, 'UJzFuLmfhPxbPEXH5GJvnl', 'IMG_9662.jpg', 'd632b0748ac32f7bf8da1e6a8a584128.jpg', '2017-03-27 03:53:06', NULL),
(227, 'UJzFuLmfhPxbPEXH5GJvnl', 'IMG_9667.jpg', '15e958999895955c3d7dcc41f95f5db1.jpg', '2017-03-27 03:53:06', NULL),
(228, 'UJzFuLmfhPxbPEXH5GJvnl', 'IMG_9671.jpg', '504c32fb9e5cec1892b07227a9233ca5.jpg', '2017-03-27 03:53:08', NULL),
(229, 'UJzFuLmfhPxbPEXH5GJvnl', 'IMG_9660.jpg', '04077645049a23383cdca5b551827a5b.jpg', '2017-03-27 03:53:09', NULL),
(230, 'UJzFuLmfhPxbPEXH5GJvnl', 'IMG_9675.jpg', 'e875abe5cf49dc0f77f47c923a231872.jpg', '2017-03-27 03:53:15', NULL),
(231, 'UJzFuLmfhPxbPEXH5GJvnl', 'IMG_9665.jpg', '9372a085e649aa529e58693eb62ceef5.jpg', '2017-03-27 03:53:23', NULL),
(232, 'UJzFuLmfhPxbPEXH5GJvnl', 'IMG_9677.jpg', '66a02e0aa9d54acde938607842a1911e.jpg', '2017-03-27 03:53:31', NULL),
(233, 'UJzFuLmfhPxbPEXH5GJvnl', 'IMG_9676.jpg', '45704a2206a80d14a162e0b4c405c0de.jpg', '2017-03-27 03:53:31', NULL),
(234, 'UJzFuLmfhPxbPEXH5GJvnl', 'IMG_9679.jpg', '12873ca848172598a49bba2d87831d3f.jpg', '2017-03-27 03:53:33', NULL),
(235, 'UJzFuLmfhPxbPEXH5GJvnl', 'IMG_9678.jpg', 'd8314c1181fc9ca43a38819784240501.jpg', '2017-03-27 03:53:36', NULL),
(236, 'UJzFuLmfhPxbPEXH5GJvnl', 'IMG_9680.jpg', '13a2da4b1fe1f4afa0cd1c2b77817345.jpg', '2017-03-27 03:53:41', NULL),
(237, 'UJzFuLmfhPxbPEXH5GJvnl', 'IMG_9682.jpg', '57eb3cb13bc3de26cfc021f8b55c08bd.jpg', '2017-03-27 03:53:51', NULL),
(238, 'UJzFuLmfhPxbPEXH5GJvnl', 'IMG_9683.jpg', 'cd5b6ea531b839494a4e3399d5f25e22.jpg', '2017-03-27 03:53:58', NULL),
(239, 'UJzFuLmfhPxbPEXH5GJvnl', 'IMG_9684.jpg', '947d015fdaf7b1dfb7cf68a9ad40ef10.jpg', '2017-03-27 03:53:58', NULL),
(240, 'UJzFuLmfhPxbPEXH5GJvnl', 'IMG_9681.jpg', 'f39c6806b0b05852a6e6783eecd58b6f.jpg', '2017-03-27 03:54:04', NULL),
(241, 'UJzFuLmfhPxbPEXH5GJvnl', 'IMG_9685.jpg', '7e84202a9fed7a8af75b66a1963572b6.jpg', '2017-03-27 03:54:06', NULL),
(242, 'UJzFuLmfhPxbPEXH5GJvnl', 'IMG_9686.jpg', '3ef0806b50164c6654577b95777320bb.jpg', '2017-03-27 03:54:08', NULL),
(243, 'UJzFuLmfhPxbPEXH5GJvnl', 'IMG_9689.jpg', '1ecbefe844d2d986de39fcbcc85681e9.jpg', '2017-03-27 03:54:13', NULL),
(244, 'UJzFuLmfhPxbPEXH5GJvnl', 'IMG_9688.jpg', '65c1aed4401e59ab3116ecc36fa1abab.jpg', '2017-03-27 03:54:15', NULL),
(245, 'UJzFuLmfhPxbPEXH5GJvnl', 'IMG_9687.jpg', '7d5eabbc7c267a085ac0f3ddecb8bd33.jpg', '2017-03-27 03:54:19', NULL),
(246, 'UJzFuLmfhPxbPEXH5GJvnl', 'IMG_9692.jpg', '8a3e887bf74dd8c807cd21c6ba84e1ad.jpg', '2017-03-27 03:54:28', NULL),
(247, 'UJzFuLmfhPxbPEXH5GJvnl', 'IMG_9691.jpg', '6a6b1f3cb82ae3104e40ec4fba57670c.jpg', '2017-03-27 03:54:30', NULL),
(248, 'UJzFuLmfhPxbPEXH5GJvnl', 'IMG_9693.jpg', '20d42a3bb76874bde07a2c72366e5a1c.jpg', '2017-03-27 03:54:32', NULL),
(249, 'UJzFuLmfhPxbPEXH5GJvnl', 'IMG_9690.jpg', '66b651d9c4fb8004b341b763dd3e121c.jpg', '2017-03-27 03:54:37', NULL),
(250, 'UJzFuLmfhPxbPEXH5GJvnl', 'IMG_9694.jpg', '51e60b9c113540fded9782c52f2e67ff.jpg', '2017-03-27 03:54:39', NULL),
(251, 'UJzFuLmfhPxbPEXH5GJvnl', 'IMG_9695.jpg', 'e88f5b7d91df623d266e4b0e2900a3a9.jpg', '2017-03-27 03:54:41', NULL),
(252, 'UJzFuLmfhPxbPEXH5GJvnl', 'IMG_9698.jpg', 'e142bf5c1fb798ebd728b20e0064849a.jpg', '2017-03-27 03:54:50', NULL),
(253, 'UJzFuLmfhPxbPEXH5GJvnl', 'IMG_9696.jpg', 'bb6d0f9630f7346ff21599f94dca84f2.jpg', '2017-03-27 03:54:50', NULL),
(254, 'UJzFuLmfhPxbPEXH5GJvnl', 'IMG_9697.jpg', 'f6e86b3b6c1bc640d32174fbde66d55f.jpg', '2017-03-27 03:54:53', NULL),
(255, 'UJzFuLmfhPxbPEXH5GJvnl', 'IMG_9701.jpg', '95529135e035307bc7b06b338a70b550.jpg', '2017-03-27 03:55:19', NULL),
(256, 'UJzFuLmfhPxbPEXH5GJvnl', 'IMG_9700.jpg', 'd2fcaebac8b7bd9381d37954ad009f3a.jpg', '2017-03-27 03:55:23', NULL),
(257, 'UJzFuLmfhPxbPEXH5GJvnl', 'IMG_9702.jpg', '4427b2e4be22b22fa42e05a322e2f9fa.jpg', '2017-03-27 03:55:25', NULL),
(258, 'UJzFuLmfhPxbPEXH5GJvnl', 'IMG_9703.jpg', 'aa4c2cfcd58778152c8d2431651f2f52.jpg', '2017-03-27 03:55:29', NULL),
(259, 'UJzFuLmfhPxbPEXH5GJvnl', 'IMG_9704.jpg', '44c5e02d9b4e768b7016098903d20d5f.jpg', '2017-03-27 03:55:33', NULL),
(260, 'UJzFuLmfhPxbPEXH5GJvnl', 'IMG_9699.jpg', 'c3544e09d14b8f01f3afd431834326f3.jpg', '2017-03-27 03:55:41', NULL),
(261, 'UJzFuLmfhPxbPEXH5GJvnl', 'IMG_9705.jpg', '0f893d1ac5a7fe4b25a89db2b9d3c133.jpg', '2017-03-27 03:56:01', NULL),
(262, 'UJzFuLmfhPxbPEXH5GJvnl', 'IMG_9706.jpg', '84d730ae18d721eabe284f2fe87e06a4.jpg', '2017-03-27 03:56:04', NULL),
(263, 'UJzFuLmfhPxbPEXH5GJvnl', 'IMG_9709.jpg', 'f744b862580e9a58398e50db636cfcf2.jpg', '2017-03-27 03:56:04', NULL),
(264, 'UJzFuLmfhPxbPEXH5GJvnl', 'IMG_9707.jpg', '4a2289931077083d07555456a2d87bc1.jpg', '2017-03-27 03:56:11', NULL),
(265, 'UJzFuLmfhPxbPEXH5GJvnl', 'IMG_9708.jpg', '97fba91b1c89b54210ef8784e60fcac9.jpg', '2017-03-27 03:56:12', NULL),
(266, 'UJzFuLmfhPxbPEXH5GJvnl', 'IMG_9711.jpg', 'ac86c839c9361b1c8a1fce052b2908e5.jpg', '2017-03-27 03:56:31', NULL),
(267, 'UJzFuLmfhPxbPEXH5GJvnl', 'IMG_9712.jpg', '040eacb8569d79f0228dc124b565c57a.jpg', '2017-03-27 03:56:36', NULL),
(268, 'UJzFuLmfhPxbPEXH5GJvnl', 'IMG_9710.jpg', '2b8d749a6833c64d576596c82ccc99b7.jpg', '2017-03-27 03:56:40', NULL),
(269, 'UJzFuLmfhPxbPEXH5GJvnl', 'IMG_9713.jpg', '3b3c3b6cab9c02a11cacff321f16a00c.jpg', '2017-03-27 03:56:44', NULL),
(270, 'UJzFuLmfhPxbPEXH5GJvnl', 'IMG_9715.jpg', '0f98d3a3622a8b2fc5d1ff7baae45e0c.jpg', '2017-03-27 03:56:47', NULL),
(271, 'UJzFuLmfhPxbPEXH5GJvnl', 'IMG_9716.jpg', '3864fef0d7d5aa100a45f7130d49a951.jpg', '2017-03-27 03:56:51', NULL),
(272, 'UJzFuLmfhPxbPEXH5GJvnl', 'IMG_9717.jpg', 'd5c46e7cf1e44e1a58563b0d17152544.jpg', '2017-03-27 03:56:54', NULL),
(273, 'UJzFuLmfhPxbPEXH5GJvnl', 'IMG_9718.jpg', 'dc912649ada22c4d14083fb4c6b61258.jpg', '2017-03-27 03:56:59', NULL),
(274, 'UJzFuLmfhPxbPEXH5GJvnl', 'IMG_9714.jpg', '52969cf64072bfbf3b47e729eea6204c.jpg', '2017-03-27 03:56:59', NULL),
(275, 'IEkPE1A-9ur4B8qp_4f9rl', 'CIMG6834.jpg', '86ca81c66da3edc1fab8ba62c7652ff5.jpg', '2017-04-04 08:58:37', NULL),
(276, 'IEkPE1A-9ur4B8qp_4f9rl', 'CIMG6817.jpg', '7bb5ee33eff15a7b144fb0f3834a2183.jpg', '2017-04-04 09:08:51', NULL),
(277, 'IEkPE1A-9ur4B8qp_4f9rl', 'CIMG6818.jpg', '83fb3366a966e838b7eb44cad88ddc89.jpg', '2017-04-04 09:08:52', NULL),
(278, 'IEkPE1A-9ur4B8qp_4f9rl', 'CIMG6820.jpg', '9951285769a89b8c87e59c1d27c96576.jpg', '2017-04-04 09:08:53', NULL),
(279, 'IEkPE1A-9ur4B8qp_4f9rl', 'CIMG6822.jpg', '3c227afc756ded8081e128eede7858da.jpg', '2017-04-04 09:08:54', NULL),
(280, 'IEkPE1A-9ur4B8qp_4f9rl', 'CIMG6826.jpg', '7ccdfccbedb297f6b10f52f63c04159a.jpg', '2017-04-04 09:08:54', NULL),
(281, 'IEkPE1A-9ur4B8qp_4f9rl', 'CIMG6828.jpg', 'a986e2f596f7a0f19962efbad687264e.jpg', '2017-04-04 09:08:55', NULL),
(282, 'IEkPE1A-9ur4B8qp_4f9rl', 'CIMG6829.jpg', '9c89e235bc6922ff3e0e45efdc5fabbb.jpg', '2017-04-04 09:08:56', NULL),
(283, 'IEkPE1A-9ur4B8qp_4f9rl', 'CIMG6835.jpg', '89f171c6b2e9ab42eec3f1f2a6978e6b.jpg', '2017-04-04 09:10:21', NULL),
(284, 'IEkPE1A-9ur4B8qp_4f9rl', 'CIMG6840.jpg', 'e111ad613a6ba4f9f97878cbff6b61a6.jpg', '2017-04-04 09:10:22', NULL),
(285, 'IEkPE1A-9ur4B8qp_4f9rl', 'CIMG6841.jpg', 'd6efd39515c4a79873eb60ca2ab8c344.jpg', '2017-04-04 09:10:22', NULL),
(286, 'IEkPE1A-9ur4B8qp_4f9rl', 'CIMG6842.jpg', 'ad716fa1962a77629ee5be2894bffb0e.jpg', '2017-04-04 09:10:23', NULL),
(287, 'IEkPE1A-9ur4B8qp_4f9rl', 'CIMG6845.jpg', '5cfaa961324433d0385ff54764ba2b18.jpg', '2017-04-04 09:10:24', NULL),
(288, 'IEkPE1A-9ur4B8qp_4f9rl', 'CIMG6847.jpg', '15e0cffb097806dfeda6d17d55fe90b5.jpg', '2017-04-04 09:10:25', NULL),
(289, 'IEkPE1A-9ur4B8qp_4f9rl', 'CIMG6850.jpg', '3887ec154aad0a4f8cd1d4324a0d6e45.jpg', '2017-04-04 09:10:25', NULL),
(290, 'IEkPE1A-9ur4B8qp_4f9rl', 'CIMG6851.jpg', 'f36991f829c2831cadd9479df857f9b3.jpg', '2017-04-04 09:10:26', NULL),
(291, 'IEkPE1A-9ur4B8qp_4f9rl', 'CIMG6853.jpg', '11aa07fd814b8296b8c9fad3f1be5ab1.jpg', '2017-04-04 09:10:27', NULL),
(292, 'IEkPE1A-9ur4B8qp_4f9rl', 'CIMG6854.jpg', '2fdaa53e0fc528e0e424454ccff92d56.jpg', '2017-04-04 09:10:28', NULL),
(293, 'IEkPE1A-9ur4B8qp_4f9rl', 'CIMG6855.jpg', '504d590a1556b2c7a88b75a3945a664f.jpg', '2017-04-04 09:10:29', NULL),
(294, 'IEkPE1A-9ur4B8qp_4f9rl', 'CIMG6856.jpg', 'da15be8921af0818579b996f293ca29f.jpg', '2017-04-04 09:10:29', NULL),
(295, 'IEkPE1A-9ur4B8qp_4f9rl', 'CIMG6858.jpg', 'b57547562656fd1d65aa7299827ad5ba.jpg', '2017-04-04 09:10:30', NULL),
(296, 'IEkPE1A-9ur4B8qp_4f9rl', 'CIMG6859.jpg', '16089cdfebc415dad8e5a53d5207ce7f.jpg', '2017-04-04 09:10:31', NULL),
(297, 'IEkPE1A-9ur4B8qp_4f9rl', 'CIMG6861.jpg', '5dfb9cc31237d5a482d6cdb4324a4d28.jpg', '2017-04-04 09:10:31', NULL),
(298, 'IEkPE1A-9ur4B8qp_4f9rl', 'CIMG6863.jpg', '320d88a1050f56ace7017286c23b24c3.jpg', '2017-04-04 09:10:32', NULL),
(299, 'IEkPE1A-9ur4B8qp_4f9rl', 'CIMG6866.jpg', 'be84733959c86c9e57eeeb19b4073167.jpg', '2017-04-04 09:10:33', NULL),
(300, 'IEkPE1A-9ur4B8qp_4f9rl', 'CIMG6867.jpg', '22a57890de7443112f5679a70f6b983c.jpg', '2017-04-04 09:10:34', NULL),
(301, 'IEkPE1A-9ur4B8qp_4f9rl', 'CIMG6868.jpg', '28ae594569583ab51cb149d86c24b7a4.jpg', '2017-04-04 09:10:34', NULL),
(302, 'RNaSi5x_SllhUnPD-Ho_bz', 'IMG_7118.jpg', 'a306f6224b40517b5820bb3904f8f331.jpg', '2017-04-04 09:14:53', NULL),
(303, 'RNaSi5x_SllhUnPD-Ho_bz', 'IMG_7028.jpg', 'f00c626829b6a2f6cc1b8baa4b44546e.jpg', '2017-04-04 09:17:45', NULL),
(304, 'RNaSi5x_SllhUnPD-Ho_bz', 'IMG_7030.jpg', 'a592181bd4b0a649bc19e0f59fc52a10.jpg', '2017-04-04 09:17:45', NULL),
(305, 'RNaSi5x_SllhUnPD-Ho_bz', 'IMG_7031.jpg', '8e2baffebc1fc8d29dac9ea86a3574e9.jpg', '2017-04-04 09:17:46', NULL),
(306, 'RNaSi5x_SllhUnPD-Ho_bz', 'IMG_7033.jpg', 'f1c68f18f09385887e9feaf7ca008446.jpg', '2017-04-04 09:17:46', NULL),
(307, 'RNaSi5x_SllhUnPD-Ho_bz', 'IMG_7034.jpg', '840e85fe8a702eaac328826e68df67bd.jpg', '2017-04-04 09:17:47', NULL),
(308, 'RNaSi5x_SllhUnPD-Ho_bz', 'IMG_7037.jpg', '94bcdadcfa797ed6a1552c0269452903.jpg', '2017-04-04 09:17:47', NULL),
(309, 'RNaSi5x_SllhUnPD-Ho_bz', 'IMG_7041.jpg', '3fcd09956f793335f906bb00f6e91120.jpg', '2017-04-04 09:17:47', NULL),
(310, 'RNaSi5x_SllhUnPD-Ho_bz', 'IMG_7042.jpg', 'c66ad6ac4f71265adbe374dd72760df9.jpg', '2017-04-04 09:17:48', NULL),
(311, 'RNaSi5x_SllhUnPD-Ho_bz', 'IMG_7043.jpg', '739ac213091b9bf4c34088bc6cde5fd3.jpg', '2017-04-04 09:17:48', NULL),
(312, 'RNaSi5x_SllhUnPD-Ho_bz', 'IMG_7044.jpg', 'b80b4ad9076037c11179a4faf3ba4bde.jpg', '2017-04-04 09:17:49', NULL),
(313, 'RNaSi5x_SllhUnPD-Ho_bz', 'IMG_7045.jpg', '88edf1efc8b203068c1029f540f50eab.jpg', '2017-04-04 09:17:49', NULL),
(314, 'RNaSi5x_SllhUnPD-Ho_bz', 'IMG_7046.jpg', '457924f1eff1954c946151dd47bb637d.jpg', '2017-04-04 09:17:50', NULL),
(315, 'RNaSi5x_SllhUnPD-Ho_bz', 'IMG_7047.jpg', '08902eacc70ad605be34e212100c6ae3.jpg', '2017-04-04 09:17:50', NULL),
(316, 'RNaSi5x_SllhUnPD-Ho_bz', 'IMG_7048.jpg', '5d444c4261d0ddc1161c0dd8137b537a.jpg', '2017-04-04 09:17:50', NULL),
(317, 'RNaSi5x_SllhUnPD-Ho_bz', 'IMG_7049.jpg', 'b23edfcbbcd5c0ff5727417e40cd8406.jpg', '2017-04-04 09:17:51', NULL),
(318, 'RNaSi5x_SllhUnPD-Ho_bz', 'IMG_7050.jpg', '4ff21b1df48bb2adc15f6822929b0b4e.jpg', '2017-04-04 09:17:51', NULL),
(319, 'RNaSi5x_SllhUnPD-Ho_bz', 'IMG_7051.jpg', '02fac82358404fccc471999471289913.jpg', '2017-04-04 09:17:52', NULL),
(320, 'RNaSi5x_SllhUnPD-Ho_bz', 'IMG_7053.jpg', '452ba70cf193f514ad0d3250b3389104.jpg', '2017-04-04 09:17:52', NULL),
(321, 'RNaSi5x_SllhUnPD-Ho_bz', 'IMG_7054.jpg', 'e04c3cf5ee28ed3d5fd7668a6e160dc1.jpg', '2017-04-04 09:17:53', NULL),
(322, 'RNaSi5x_SllhUnPD-Ho_bz', 'IMG_7057.jpg', 'f30093530dcf7652256a0d57ae6a68a0.jpg', '2017-04-04 09:17:53', NULL),
(323, 'RNaSi5x_SllhUnPD-Ho_bz', 'IMG_7059.jpg', '4cfc8e0281c6c7ebcdfb2395aeeb6dbd.jpg', '2017-04-04 09:19:09', NULL),
(324, 'RNaSi5x_SllhUnPD-Ho_bz', 'IMG_7062.jpg', 'beb1a9958aba6bdc452277efd79d1b31.jpg', '2017-04-04 09:19:10', NULL),
(325, 'RNaSi5x_SllhUnPD-Ho_bz', 'IMG_7063.jpg', '8483c85c331ff6f0ee1e62ce2e6b4413.jpg', '2017-04-04 09:19:11', NULL),
(326, 'RNaSi5x_SllhUnPD-Ho_bz', 'IMG_7066.jpg', '1cb327be91de96c3fb016d06abae5c7b.jpg', '2017-04-04 09:19:11', NULL),
(327, 'RNaSi5x_SllhUnPD-Ho_bz', 'IMG_7069.jpg', '74d87209c41f7803e56ea8934f921ef1.jpg', '2017-04-04 09:19:12', NULL),
(328, 'RNaSi5x_SllhUnPD-Ho_bz', 'IMG_7071.jpg', '65221ca6c5f7e7f8590ca6832e18118a.jpg', '2017-04-04 09:19:12', NULL),
(329, 'RNaSi5x_SllhUnPD-Ho_bz', 'IMG_7073.jpg', '05a8202e1e54ee031f4b0e4eda0bcbbe.jpg', '2017-04-04 09:19:13', NULL),
(330, 'RNaSi5x_SllhUnPD-Ho_bz', 'IMG_7075.jpg', '29474505d5ef53a71ecd6e7f316b00a2.jpg', '2017-04-04 09:19:14', NULL),
(331, 'RNaSi5x_SllhUnPD-Ho_bz', 'IMG_7077.jpg', '5cb7395dbdf88d6b8e8f156b7b02798c.jpg', '2017-04-04 09:19:14', NULL),
(332, 'RNaSi5x_SllhUnPD-Ho_bz', 'IMG_7078.jpg', '5a2cd90620228e11d6e3e91852eb8266.jpg', '2017-04-04 09:19:15', NULL),
(333, 'RNaSi5x_SllhUnPD-Ho_bz', 'IMG_7079.jpg', 'e2f7c68abbd6db3af98961ad20a8d38d.jpg', '2017-04-04 09:19:16', NULL),
(334, 'RNaSi5x_SllhUnPD-Ho_bz', 'IMG_7082.jpg', 'dccbdc980cf3a50bd9b7b7af11980a37.jpg', '2017-04-04 09:19:16', NULL),
(335, 'RNaSi5x_SllhUnPD-Ho_bz', 'IMG_7083.jpg', '235f899d0f7861317bb95363627ac95b.jpg', '2017-04-04 09:19:17', NULL),
(336, 'RNaSi5x_SllhUnPD-Ho_bz', 'IMG_7084.jpg', '98d5b9482f141d58d48cc80fb9f6023a.jpg', '2017-04-04 09:19:18', NULL),
(337, 'RNaSi5x_SllhUnPD-Ho_bz', 'IMG_7085.jpg', 'a8757d01003233655c7db667dc96981c.jpg', '2017-04-04 09:19:18', NULL),
(338, 'RNaSi5x_SllhUnPD-Ho_bz', 'IMG_7086.jpg', '87f06071f5783fc57a012e7977abe75b.jpg', '2017-04-04 09:19:19', NULL),
(339, 'RNaSi5x_SllhUnPD-Ho_bz', 'IMG_7087.jpg', '33b2fbd904e5efa35d5c3838cc08385f.jpg', '2017-04-04 09:19:19', NULL),
(340, 'RNaSi5x_SllhUnPD-Ho_bz', 'IMG_7089.jpg', 'ad131bf99efa4257a6d8d7887e14465b.jpg', '2017-04-04 09:19:20', NULL),
(341, 'RNaSi5x_SllhUnPD-Ho_bz', 'IMG_7090.jpg', 'd4c56733a0b48bb0fc32c6b4986d6a9c.jpg', '2017-04-04 09:19:21', NULL),
(342, 'RNaSi5x_SllhUnPD-Ho_bz', 'IMG_7092.jpg', '03a88b2f33e10ec188463602492ca7ea.jpg', '2017-04-04 09:19:21', NULL),
(343, 'RNaSi5x_SllhUnPD-Ho_bz', 'IMG_7094.jpg', 'ad0daff843dc3d5479a7950d24783427.jpg', '2017-04-04 09:21:00', NULL),
(344, 'RNaSi5x_SllhUnPD-Ho_bz', 'IMG_7095.jpg', '6525badb09d3aa82b1ca3404f2aac208.jpg', '2017-04-04 09:21:01', NULL),
(345, 'RNaSi5x_SllhUnPD-Ho_bz', 'IMG_7096.jpg', '7c16aafba61b3032a38d7b90d49d6427.jpg', '2017-04-04 09:21:01', NULL),
(346, 'RNaSi5x_SllhUnPD-Ho_bz', 'IMG_7099.jpg', 'f1d10a82e483afb54719a2bcc053a4cc.jpg', '2017-04-04 09:21:02', NULL),
(347, 'RNaSi5x_SllhUnPD-Ho_bz', 'IMG_7102.jpg', '7d308998bc9b956ea4e72d439e66e825.jpg', '2017-04-04 09:21:02', NULL),
(348, 'RNaSi5x_SllhUnPD-Ho_bz', 'IMG_7105.jpg', '42409ddf843458c126e8c83eaf6e36f2.jpg', '2017-04-04 09:21:03', NULL),
(349, 'RNaSi5x_SllhUnPD-Ho_bz', 'IMG_7110.jpg', 'fd083c02548c602f16c9d1326f461ff1.jpg', '2017-04-04 09:21:03', NULL),
(350, 'RNaSi5x_SllhUnPD-Ho_bz', 'IMG_7113.jpg', '7df2bf7928de7bcc8119a9326cbb5e63.jpg', '2017-04-04 09:21:04', NULL),
(351, 'RNaSi5x_SllhUnPD-Ho_bz', 'IMG_7119.jpg', 'a2d372c7496789327cb3582e905e08bf.jpg', '2017-04-04 09:21:04', NULL),
(352, 'RNaSi5x_SllhUnPD-Ho_bz', 'IMG_7121.jpg', '34c22d9e50beaa88ad61f59c0ce33d89.jpg', '2017-04-04 09:21:05', NULL),
(353, 'RNaSi5x_SllhUnPD-Ho_bz', 'IMG_7122.jpg', '8379aa04801a91402c9e49f801508a68.jpg', '2017-04-04 09:21:05', NULL),
(354, 'RNaSi5x_SllhUnPD-Ho_bz', 'IMG_7123.jpg', '848129be1ea64c4f9af16de149e7f2bb.jpg', '2017-04-04 09:21:05', NULL),
(355, 'RNaSi5x_SllhUnPD-Ho_bz', 'IMG_7124.jpg', 'c166ec05df63a86174aa6cd86d927a47.jpg', '2017-04-04 09:21:06', NULL),
(356, 'RNaSi5x_SllhUnPD-Ho_bz', 'IMG_7125.jpg', '03a40da8cab571ef55a4e8f600f742b7.jpg', '2017-04-04 09:21:06', NULL),
(357, 'RNaSi5x_SllhUnPD-Ho_bz', 'IMG_7126.jpg', '29af270182a54140f0b7400e957e85c2.jpg', '2017-04-04 09:21:07', NULL),
(358, 'RNaSi5x_SllhUnPD-Ho_bz', 'IMG_7128.jpg', '82675160f0483c4bd8cc2a6d2073d6ff.jpg', '2017-04-04 09:21:07', NULL),
(359, 'RNaSi5x_SllhUnPD-Ho_bz', 'IMG_7129.jpg', '616718e68c8b65382a0ba6cb5e0cf935.jpg', '2017-04-04 09:21:08', NULL),
(360, 'RNaSi5x_SllhUnPD-Ho_bz', 'IMG_7130.jpg', 'df8c6dc6f2a440372efb1f6cf3feffda.jpg', '2017-04-04 09:21:08', NULL),
(361, 'RNaSi5x_SllhUnPD-Ho_bz', 'IMG_7133.jpg', '483b385d2f576e0ec8561a3713428112.jpg', '2017-04-04 09:21:08', NULL);

-- --------------------------------------------------------

--
-- Table structure for table `user`
--

CREATE TABLE IF NOT EXISTS `user` (
  `id` int(11) NOT NULL,
  `username` varchar(255) COLLATE utf8_unicode_ci NOT NULL,
  `email` varchar(255) COLLATE utf8_unicode_ci NOT NULL,
  `password_hash` varchar(60) COLLATE utf8_unicode_ci NOT NULL,
  `auth_key` varchar(32) COLLATE utf8_unicode_ci NOT NULL,
  `confirmed_at` int(11) DEFAULT NULL,
  `unconfirmed_email` varchar(255) COLLATE utf8_unicode_ci DEFAULT NULL,
  `blocked_at` int(11) DEFAULT NULL,
  `registration_ip` varchar(45) COLLATE utf8_unicode_ci DEFAULT NULL,
  `created_at` int(11) NOT NULL,
  `updated_at` int(11) NOT NULL,
  `flags` int(11) NOT NULL DEFAULT '0'
) ENGINE=InnoDB AUTO_INCREMENT=2 DEFAULT CHARSET=utf8 COLLATE=utf8_unicode_ci;

--
-- Dumping data for table `user`
--

INSERT INTO `user` (`id`, `username`, `email`, `password_hash`, `auth_key`, `confirmed_at`, `unconfirmed_email`, `blocked_at`, `registration_ip`, `created_at`, `updated_at`, `flags`) VALUES
(1, 'admin', 'chulatatnarin@gmail.com', '$2y$12$uRkVA/Z/Q2g8VTOGQKdTcexVMcO9OPPYiQS72YzBhO0ZIbVpPIClW', 'onV3uYE1SJzoOktlQpxbe_QjgjbNuaCq', 1439903015, '', NULL, '::1', 1439902400, 1439903015, 0);

--
-- Indexes for dumped tables
--

--
-- Indexes for table `event`
--
ALTER TABLE `event`
  ADD PRIMARY KEY (`id`);

--
-- Indexes for table `freelance`
--
ALTER TABLE `freelance`
  ADD PRIMARY KEY (`id`);

--
-- Indexes for table `migration`
--
ALTER TABLE `migration`
  ADD PRIMARY KEY (`version`);

--
-- Indexes for table `news`
--
ALTER TABLE `news`
  ADD PRIMARY KEY (`id`),
  ADD KEY `cat_id` (`cat_id`);

--
-- Indexes for table `news_category`
--
ALTER TABLE `news_category`
  ADD PRIMARY KEY (`id`);

--
-- Indexes for table `photo_library`
--
ALTER TABLE `photo_library`
  ADD PRIMARY KEY (`id`),
  ADD UNIQUE KEY `ref` (`ref`);

--
-- Indexes for table `posts`
--
ALTER TABLE `posts`
  ADD PRIMARY KEY (`id`);

--
-- Indexes for table `profile`
--
ALTER TABLE `profile`
  ADD PRIMARY KEY (`user_id`);

--
-- Indexes for table `province`
--
ALTER TABLE `province`
  ADD PRIMARY KEY (`PROVINCE_ID`);

--
-- Indexes for table `slick`
--
ALTER TABLE `slick`
  ADD PRIMARY KEY (`upload_id`);

--
-- Indexes for table `social_account`
--
ALTER TABLE `social_account`
  ADD PRIMARY KEY (`id`),
  ADD UNIQUE KEY `account_unique` (`provider`,`client_id`),
  ADD UNIQUE KEY `account_unique_code` (`code`),
  ADD KEY `fk_user_account` (`user_id`);

--
-- Indexes for table `token`
--
ALTER TABLE `token`
  ADD UNIQUE KEY `token_unique` (`user_id`,`code`,`type`);

--
-- Indexes for table `uploads`
--
ALTER TABLE `uploads`
  ADD PRIMARY KEY (`upload_id`);

--
-- Indexes for table `user`
--
ALTER TABLE `user`
  ADD PRIMARY KEY (`id`),
  ADD UNIQUE KEY `user_unique_email` (`email`),
  ADD UNIQUE KEY `user_unique_username` (`username`);

--
-- AUTO_INCREMENT for dumped tables
--

--
-- AUTO_INCREMENT for table `event`
--
ALTER TABLE `event`
  MODIFY `id` int(11) NOT NULL AUTO_INCREMENT,AUTO_INCREMENT=10;
--
-- AUTO_INCREMENT for table `freelance`
--
ALTER TABLE `freelance`
  MODIFY `id` int(11) NOT NULL AUTO_INCREMENT,AUTO_INCREMENT=3;
--
-- AUTO_INCREMENT for table `news`
--
ALTER TABLE `news`
  MODIFY `id` int(11) NOT NULL AUTO_INCREMENT COMMENT 'ID ข่าว',AUTO_INCREMENT=11;
--
-- AUTO_INCREMENT for table `news_category`
--
ALTER TABLE `news_category`
  MODIFY `id` int(11) NOT NULL AUTO_INCREMENT COMMENT 'ID หมวดหมู่',AUTO_INCREMENT=4;
--
-- AUTO_INCREMENT for table `photo_library`
--
ALTER TABLE `photo_library`
  MODIFY `id` int(11) NOT NULL AUTO_INCREMENT,AUTO_INCREMENT=16;
--
-- AUTO_INCREMENT for table `posts`
--
ALTER TABLE `posts`
  MODIFY `id` int(11) NOT NULL AUTO_INCREMENT,AUTO_INCREMENT=2;
--
-- AUTO_INCREMENT for table `province`
--
ALTER TABLE `province`
  MODIFY `PROVINCE_ID` int(5) NOT NULL AUTO_INCREMENT,AUTO_INCREMENT=78;
--
-- AUTO_INCREMENT for table `slick`
--
ALTER TABLE `slick`
  MODIFY `upload_id` int(11) NOT NULL AUTO_INCREMENT;
--
-- AUTO_INCREMENT for table `social_account`
--
ALTER TABLE `social_account`
  MODIFY `id` int(11) NOT NULL AUTO_INCREMENT;
--
-- AUTO_INCREMENT for table `uploads`
--
ALTER TABLE `uploads`
  MODIFY `upload_id` int(11) NOT NULL AUTO_INCREMENT,AUTO_INCREMENT=362;
--
-- AUTO_INCREMENT for table `user`
--
ALTER TABLE `user`
  MODIFY `id` int(11) NOT NULL AUTO_INCREMENT,AUTO_INCREMENT=2;
--
-- Constraints for dumped tables
--

--
-- Constraints for table `news`
--
ALTER TABLE `news`
  ADD CONSTRAINT `cat` FOREIGN KEY (`cat_id`) REFERENCES `news_category` (`id`);

--
-- Constraints for table `profile`
--
ALTER TABLE `profile`
  ADD CONSTRAINT `fk_user_profile` FOREIGN KEY (`user_id`) REFERENCES `user` (`id`) ON DELETE CASCADE;

--
-- Constraints for table `social_account`
--
ALTER TABLE `social_account`
  ADD CONSTRAINT `fk_user_account` FOREIGN KEY (`user_id`) REFERENCES `user` (`id`) ON DELETE CASCADE;

--
-- Constraints for table `token`
--
ALTER TABLE `token`
  ADD CONSTRAINT `fk_user_token` FOREIGN KEY (`user_id`) REFERENCES `user` (`id`) ON DELETE CASCADE;

/*!40101 SET CHARACTER_SET_CLIENT=@OLD_CHARACTER_SET_CLIENT */;
/*!40101 SET CHARACTER_SET_RESULTS=@OLD_CHARACTER_SET_RESULTS */;
/*!40101 SET COLLATION_CONNECTION=@OLD_COLLATION_CONNECTION */;
